-- phpMyAdmin SQL Dump
-- version 4.6.5
-- https://www.phpmyadmin.net/
--
-- Host: mysql.yetirobotics.org
-- Generation Time: Mar 31, 2017 at 12:35 PM
-- Server version: 5.6.34-log
-- PHP Version: 7.1.0

SET SQL_MODE = "NO_AUTO_VALUE_ON_ZERO";
SET time_zone = "+00:00";


/*!40101 SET @OLD_CHARACTER_SET_CLIENT=@@CHARACTER_SET_CLIENT */;
/*!40101 SET @OLD_CHARACTER_SET_RESULTS=@@CHARACTER_SET_RESULTS */;
/*!40101 SET @OLD_COLLATION_CONNECTION=@@COLLATION_CONNECTION */;
/*!40101 SET NAMES utf8mb4 */;

--
-- Database: `yetirobotics_org_scouting`
--

--
-- Dumping data for table `pit_comments`
--

INSERT INTO `pit_comments` (`pit_scout_data_id`, `team_number`, `pit_comments`, `scouter_name`, `timestamp`) VALUES
(1, 3971, 'Kai orbus \r\nThey have a very weak 2 wheel drive. Their gear mech doesn\'t work very well, and they were having battery issues. They have a climber. 10- 12 seconds on climb, take with a grain of salt. Put an uncharged battery in their bot. No cheesecake', 'Chris Dauber', '2017-03-18 16:26:12'),
(2, 5854, '30 sec climb, climber is dead with gearbox. mecanum drive.', 'Chris Dauber', '2017-03-18 16:44:03'),
(3, 4291, 'Tank drive, velcro climber', 'Colin Evans', '2017-03-18 17:40:04'),
(4, 6334, 'Tank drive, shoots high in auto but not great accuracy,  can do gears', 'Colin Evans', '2017-03-18 17:46:09'),
(5, 2640, 'Can get gears from the ground, tank drive', 'Colin Evans', '2017-03-18 17:51:19'),
(13, 3661, 'Tank drive, can place 3-4 gears a match, climbs in 20 seconds.', 'Colin Evans', '2017-03-17 23:52:55'),
(14, 3661, 'Here is 3661\'s bot.', 'Colin Evans', '2017-03-17 23:55:34'),
(15, 4767, 'Tank drive, large climber (20 seconds), can\'t pick up gears from ground', 'Colin Evans', '2017-03-18 12:51:46'),
(16, 5854, 'Mechanam drive train, 80 percent gear acurracy, 60 percent high goal accuracy, can\'t do gears from ground', 'Colin Evans', '2017-03-18 13:03:51'),
(17, 619, 'Swerve drive, has trouble placing gears', 'Colin Evans', '2017-03-18 17:54:22'),
(18, 619, 'Swerve drive, active gear mech.', 'Delaney', '2017-03-18 18:00:06'),
(19, 2655, 'Active gear transport \r\nMeconum drive train', 'Yaseen', '2017-03-18 18:20:59'),
(20, 2640, 'active gear mechanism\r\n\r\nTank drive', 'Diego and Yaseen', '2017-03-18 18:24:14'),
(21, 6334, 'Passive gear mechanism\r\nTank drive', 'Diego and Yaseen', '2017-03-18 18:27:36'),
(22, 3661, 'Active gear mechanism\r\nArcade drive', 'Yaseen and Diego', '2017-03-18 18:32:44'),
(23, 3661, 'Tank drive', 'Yaseen and diego', '2017-03-18 18:37:09'),
(24, 3402, 'Passive gear mechanism\r\nMeconum', 'Diego and Yaseen', '2017-03-18 18:44:04'),
(25, 977, 'Passive transport tank drive', 'Diego and yaseen', '2017-03-18 18:48:54'),
(26, 977, 'Passive transport tank drive', 'Diego and yaseen', '2017-03-18 18:49:02'),
(27, 977, 'Passive transport tank drive', 'Diego and yaseen', '2017-03-18 18:49:19'),
(28, 1533, 'Active gear mechanism\r\nAnd swerve drive', 'Diego and Yaseen', '2017-03-18 18:54:21'),
(29, 2974, 'Six four inch diameter drop center-->tank drive \r\nPassive gear mechanism \r\nShooter and ball intake but are currently not functional', 'Simran and Marco', '2017-03-18 19:29:24'),
(30, 4291, 'Tank drive, passive gears. Lots of bumper problems preventing them from playing. Had gearbox problems, but it\'s fixed now.', 'Delaney', '2017-03-18 19:31:32'),
(31, 5679, 'Tank drive, passive gear mech.', 'Delaney', '2017-03-18 19:38:03'),
(32, 3402, 'Defends like a boss...', 'Chris', '2017-03-18 19:42:38'),
(33, 3402, '130 lb mecanum...driver is awesome', 'Chris Dauber', '2017-03-18 19:43:44'),
(34, 3402, 'Cheesecake', 'Chris Dauber', '2017-03-18 19:46:16'),
(35, 6639, 'Cheesecake', 'Chris Dauber', '2017-03-18 19:47:14'),
(36, 5679, 'CHEESECAKE!!!', 'Chris Dauber', '2017-03-18 19:51:08'),
(37, 2640, '6 wheel 4 CIM single speed', 'Chris Dauber', '2017-03-19 15:53:58'),
(38, 6334, '6 wheel Kop wheels 4 CIM no shifters', 'Chris Dauber', '2017-03-19 15:55:50'),
(39, 2655, 'Mecanum', 'Chris Dauber', '2017-03-19 15:56:57'),
(40, 5679, '4 CIM, 6 wheel drivetrain tank drive', 'Chris Dauber', '2017-03-19 16:01:35'),
(41, 3459, 'Mecanum field oriented???', 'Chris Dauber', '2017-03-19 16:06:08'),
(42, 3402, 'Defends like a boss', 'Chris Dauber', '2017-03-19 16:07:12'),
(43, 3680, 'Passive gear and tank drive\r\nVery defensive', 'Yaseen and Nathan', '2017-03-19 16:08:12'),
(44, 5511, '4 CIM  shifters 6 coulson wheels tank', 'Chris Dauber', '2017-03-19 16:08:58'),
(45, 4935, 'Tank drive, passive gear mech.', 'Delaney', '2017-03-19 16:09:20'),
(46, 6004, 'Standard kop tank drive', 'Chris Dauber', '2017-03-19 16:09:39'),
(47, 587, '6 CIM 2 speed 6 wheel 4 inch plaction with wedgetop', 'Chris Dauber', '2017-03-19 16:11:59'),
(48, 3680, 'Slow climber. Really slow.', 'Chris Dauber', '2017-03-19 16:13:26'),
(49, 4767, 'Passive gear\r\nTank drive', 'Yaseen', '2017-03-19 16:14:44'),
(50, 6639, '6 wheel 4 CIM kop drive', 'Chris Dauber', '2017-03-19 16:15:06'),
(51, 1225, 'Passive teansport\r\nMecanum\r\nSay they climb fast', 'Yaseen', '2017-03-19 16:17:00'),
(52, 5854, 'Mecanum drive', 'Chris Dauber', '2017-03-19 16:17:31'),
(53, 587, 'Tank drive', 'Delaney', '2017-03-19 16:18:10'),
(54, 5511, 'Two speed tank drive. Active gear mech.', 'Delaney', '2017-03-19 16:20:31'),
(55, 5727, 'Active gear mech, 30 sec climb mecanum drive', 'Chris Dauber', '2017-03-19 16:22:10'),
(56, 5727, 'Active gear mech, 30 sec climb mecanum drive', 'Chris Dauber', '2017-03-19 16:22:20'),
(57, 6639, 'Tank drive. Passive gear mechanism.', 'Delaney', '2017-03-19 16:22:43'),
(58, 3459, 'Passive gear mechanism that \" expands\",  uses a mecanum drive.', 'Nathan', '2017-03-19 16:23:02'),
(59, 5727, 'They are adding a climber', 'Chris Dauber', '2017-03-19 17:26:10');

--
-- Dumping data for table `pit_pictures`
--

INSERT INTO `pit_pictures` (`pit_scout_data_id`, `team_number`, `pic_num`, `scouter_name`, `timestamp`) VALUES
(1, 3971, 1, 'Chris Dauber', '2017-03-18 16:26:12'),
(2, 3971, 2, 'Chris Dauber', '2017-03-18 16:26:12'),
(3, 3971, 2, 'Chris Dauber', '2017-03-18 16:26:12'),
(4, 5854, 1, 'Chris Dauber', '2017-03-18 16:44:03'),
(8, 5160, 1, 'Nathan', '2017-03-05 16:43:28'),
(10, 4534, 1, 'Nathan', '2017-03-05 16:48:00'),
(11, 619, 1, 'Delaney', '2017-03-18 18:00:06'),
(12, 2655, 1, 'Yaseen', '2017-03-18 18:20:59'),
(13, 2640, 1, 'Diego and Yaseen', '2017-03-18 18:24:14'),
(14, 6334, 1, 'Diego and Yaseen', '2017-03-18 18:27:36'),
(15, 3661, 1, 'Yaseen and Diego', '2017-03-18 18:32:44'),
(16, 3402, 1, 'Diego and Yaseen', '2017-03-18 18:44:04'),
(17, 977, 1, 'Diego and yaseen', '2017-03-18 18:48:54'),
(18, 977, 2, 'Diego and yaseen', '2017-03-18 18:49:02'),
(19, 977, 3, 'Diego and yaseen', '2017-03-18 18:49:19'),
(20, 1533, 1, 'Diego and Yaseen', '2017-03-18 18:54:21'),
(21, 2974, 1, 'Simran and Marco', '2017-03-18 19:29:24'),
(22, 5678, 1, 'Chris Dauber', '2017-03-18 19:51:08'),
(23, 6004, 1, 'Alex', '2017-03-19 00:48:16'),
(24, 6004, 2, 'Alex', '2017-03-19 00:48:16'),
(25, 6004, 3, 'Alex', '2017-03-19 00:48:16'),
(26, 6004, 4, 'Alex', '2017-03-19 00:48:16'),
(27, 2640, 2, 'Chris Dauber', '2017-03-19 15:53:58'),
(28, 3680, 1, 'Yaseen and Nathan', '2017-03-19 16:08:12'),
(29, 4767, 1, 'Yaseen', '2017-03-19 16:14:44'),
(30, 1225, 1, 'Yaseen', '2017-03-19 16:17:00'),
(31, 587, 1, 'Delaney', '2017-03-19 16:18:10'),
(32, 5727, 1, 'Chris Dauber', '2017-03-19 16:22:10'),
(33, 5727, 2, 'Chris Dauber', '2017-03-19 16:22:20'),
(34, 6639, 1, 'Delaney', '2017-03-19 16:22:43'),
(35, 3459, 1, 'Nathan', '2017-03-19 16:23:02'),
(36, 5727, 3, 'Chris Dauber', '2017-03-19 17:26:10');

--
-- Dumping data for table `scout_data`
--

INSERT INTO `scout_data` (`scout_data_id`, `name`, `match_number`, `team_number`, `robot_moved`, `auto_gear`, `autoHighGoal`, `autoHighAccuracy`, `autoShootSpeed`, `autoLowGoal`, `autoLowAccuracy`, `teleHighGoal`, `teleHighAccuracy`, `teleShootSpeed`, `teleLowGoal`, `teleLowAccuracy`, `teleGears`, `load`, `climbed`, `score`, `comments`, `timestamp`) VALUES
(1, 'Charlotte', 1, 5854, 1, 1, 0, 0, 0, 0, 0, 0, 0, 0, 0, 0, 4, 0, 0, 150, 'This robot can very quickly get gears onto the peg. It dropped one, but that was the human player fault. This robot came with ing inches of climbing', '2017-03-18 15:11:03'),
(2, 'Marco', 1, 5679, 1, 0, 0, 0, 0, 0, 0, 0, 0, 0, 0, 0, 1, 0, 0, 515, 'Was not very active at the start of tele-op and struggled to acquire the rope to climb', '2017-03-18 15:11:11'),
(3, 'Ben Sellers', 1, 6004, 0, 0, 0, 0, 0, 0, 0, 0, 0, 0, 0, 0, 0, 0, 0, 150, 'They worked in the robot until the last possible second. Robot bumpers looked really ragged and low quality. No auto. Driver was very inexperienced-spun around a lot and dropped a gear. Looks like it has some kind of shooter but never used it. Can not even get on the rope. Rookie team? Incurred a *ton* of penalties by spinning around in opponents key', '2017-03-18 15:11:28'),
(4, 'Kal', 1, 977, 0, 0, 0, 0, 0, 0, 0, 0, 0, 0, 0, 0, 1, 0, 0, 515, 'Drives slow, turns even slower. Attempted to collect a second gear, but did not catch it. Attempted to climb the rope, but did not grab it in time.', '2017-03-18 15:11:51'),
(5, 'Noah', 1, 2640, 1, 0, 0, 0, 0, 0, 0, 0, 0, 0, 0, 0, 0, 0, 1, 515, 'Can pick up a gear off the ground, but seemed to miss placing the gear on the peg . The mechanism used to position the gear was pushed back by the peg. Climbing was its only contribution in the refrigerated period', '2017-03-18 15:11:53'),
(6, 'Anna v', 1, 5727, 0, 0, 0, 0, 0, 0, 0, 0, 0, 0, 0, 0, 2, 0, 0, 150, 'The robot other climbed but then fell down in a way that could have possibly oh damaged.the robot. This could.be an issue.if they were an alliance partner becAuse of the.risk of something breaking.', '2017-03-18 15:12:13'),
(7, 'Ben Sellers', 2, 4767, 1, 0, 0, 0, 0, 0, 0, 0, 0, 0, 0, 0, 1, 0, 1, 310, 'Starts with a gear in the robot. Roamed around in the middle a lot. Climbed very slowly', '2017-03-18 15:20:39'),
(8, 'Anna v', 2, 5511, 1, 0, 0, 0, 0, 0, 0, 0, 0, 0, 0, 0, 2, 0, 1, 0, 'Had issues loading the gears onto the.robot but was really good.at quickly getting then onto the.peg', '2017-03-18 15:20:53'),
(9, 'Marco', 2, 5607, 1, 0, 0, 0, 0, 0, 0, 0, 0, 0, 0, 0, 2, 0, 1, 235, 'Struggled to score the first gear at the start of the match but overall did well. Fairly speedy and drove smoothly. Climbs well', '2017-03-18 15:21:24'),
(10, 'Charlotte', 2, 587, 1, 0, 0, 0, 0, 0, 0, 0, 0, 0, 0, 0, 4, 0, 1, 315, 'This robot was able to get gears very quickly from the loading place and very quickly got up its rope. Has some issues at loading station if there is anything blocking it', '2017-03-18 15:21:37'),
(11, 'Noah', 2, 3506, 1, 0, 0, 0, 0, 0, 0, 0, 0, 0, 0, 0, 3, 0, 0, 235, 'Swing wildly during climb, did not climb fast enough to press sensor. Both gear mechanisms worked well. At one point, robot dropped a gear intentionally to get a better grip on it.', '2017-03-18 15:22:09'),
(12, 'Kal', 2, 1225, 1, 0, 0, 0, 0, 0, 0, 0, 0, 0, 0, 0, 1, 0, 1, 235, 'Got a gear stuck in the wrong part of the robot and took a while to dislodge it. Human player reached into the gear slide, resulting in a penalty. On the other hand, the robot grabbed and climbed the rope fairly quickly.', '2017-03-18 15:24:10'),
(14, 'Marco', 3, 4290, 1, 0, 0, 0, 0, 0, 0, 0, 0, 0, 0, 0, 3, 0, 1, 286, 'Climbed the rope quickly and was able to smoothly and quickly place gears', '2017-03-18 15:29:17'),
(15, 'Charlotte', 3, 3661, 1, 0, 0, 0, 0, 0, 0, 0, 0, 0, 0, 0, 0, 0, 0, 205, 'This robot is a metal ramp that has to ram the air ship and hope that the gear decideds to get up and walk onto the peg. Did not make it off the ground', '2017-03-18 15:30:01'),
(16, 'Anna v', 3, 3459, 1, 0, 0, 0, 0, 0, 0, 0, 0, 0, 0, 0, 2, 0, 1, 205, 'The robot seeMs they have a reliable gear delivery system. A little bit slow. Would Make a reliable partner', '2017-03-18 15:31:06'),
(17, 'Noah', 3, 3971, 1, 0, 0, 0, 0, 0, 0, 0, 0, 0, 0, 0, 1, 0, 1, 286, 'Failed to pick gear off the ground and did not properly get gear from station, rather, the gear was lodged sideways. this may have been a design flaw. Climbed extremely slowly.', '2017-03-18 15:31:59'),
(18, 'Kal', 3, 619, 1, 0, 0, 0, 0, 0, 0, 0, 0, 0, 1, 3, 1, 0, 1, 286, 'Attempted to place a gear during autonomous, and two teleop gear, but only placed one successfully in teleop. Climbed the rope very quickly, but was very reckless while doing so, flipping the robot on its back before climbing.', '2017-03-18 15:32:38'),
(19, 'Ben Sellers', 4, 4291, 1, 0, 0, 0, 0, 0, 0, 0, 0, 0, 0, 0, 2, 0, 1, 255, 'Passive gear mechanism-just holds gears in a lexan container. Died mid match. But came alive again to climb. Tied match', '2017-03-18 15:38:05'),
(20, 'Charlotte', 3, 6639, 1, 0, 0, 0, 0, 0, 0, 0, 0, 0, 0, 0, 2, 0, 0, 255, 'Has some difficulty loading gears and although it did get onto the rope, it had issues getting on and then only had time to climb halfway.', '2017-03-18 15:38:51'),
(21, 'Noah', 4, 3215, 1, 0, 0, 0, 0, 0, 0, 0, 0, 0, 0, 0, 1, 0, 0, 255, 'Robot moves using two wheels, one on each side. Not very fast. Game was a tie, robot stayed in the center of the field the entire match.', '2017-03-18 15:38:59'),
(22, 'Anna v', 4, 6334, 1, 0, 0, 0, 0, 0, 0, 0, 0, 0, 0, 0, 2, 0, 0, 255, 'The robot.Could have climbed but ran.out.of time.  Gear stem seeMs like.It could malfunction', '2017-03-18 15:39:48'),
(23, 'Kal', 4, 2655, 1, 0, 0, 0, 0, 0, 0, 0, 0, 0, 0, 0, 3, 0, 1, 255, 'Attempted to place a gear during autonomous, but missed the peg. Grabbed and climbed the rope fairly quickly. Almost tipped over at one point, but remained upright and did not drop the gear it was holding.', '2017-03-18 15:40:10'),
(24, 'Marco', 4, 3215, 1, 0, 0, 0, 0, 0, 0, 0, 0, 0, 0, 0, 1, 0, 0, 255, 'Was defending fairly effectively for most of the game, blocking other bots, was unable to hook onto the rope and climb even with sufficient time', '2017-03-18 15:40:15'),
(25, 'Ben Sellers', 5, 2974, 1, 0, 0, 0, 0, 0, 0, 0, 0, 0, 0, 0, 1, 0, 1, 280, 'PAssive gear mechanism had a hard time getting gears in the bot. Dropped at least five gears. Fast climb.', '2017-03-18 15:46:39'),
(26, 'Marco', 5, 6004, 0, 0, 0, 0, 0, 0, 0, 0, 0, 0, 0, 0, 0, 0, 0, 251, 'Was defending, dropped a gear', '2017-03-18 15:46:59'),
(27, 'Noah', 5, 619, 1, 1, 0, 0, 0, 0, 0, 0, 0, 0, 1, 3, 1, 0, 1, 251, 'Swerve drive. VERY FAST. Also climbs very fast.', '2017-03-18 15:47:01'),
(28, 'Anna v', 5, 4935, 1, 1, 0, 0, 0, 0, 0, 0, 0, 0, 0, 0, 2, 0, 0, 280, 'The movement of the robot was pretty choppy but they loaded gears pretty well. Climbing has.no.hope.', '2017-03-18 15:47:07'),
(29, 'Charlotte', 4, 977, 1, 0, 0, 0, 0, 0, 0, 0, 0, 0, 0, 0, 2, 0, 0, 280, 'Can climb really well\nHas some issues getting gears but once it has them it can get them onto the ship. \nEvery time it moves it comes way to close to falling over', '2017-03-18 15:47:40'),
(30, 'Kal', 5, 1533, 1, 1, 0, 0, 0, 0, 0, 0, 0, 0, 0, 0, 3, 0, 1, 251, 'Good at placing gears, but broke a gear peg at one point. Capable of picking up gears from the ground, and succeeded in doing so every time it tried.', '2017-03-18 15:47:47'),
(31, 'Diego B', 6, 5511, 1, 0, 0, 0, 0, 0, 0, 0, 0, 0, 0, 0, 1, 0, 1, 310, 'Pretty fast and has a good climber', '2017-03-18 15:55:45'),
(32, 'yaseen', 6, 3506, 1, 0, 0, 0, 0, 0, 0, 0, 0, 0, 0, 0, 1, 0, 1, 266, 'Got.one.gear and then the.second gear got dropped twice, once by.human player, once by robot, and then eventually got stuck in the robot. It climbed clutch, last 7 seconds and was swinging', '2017-03-18 15:56:20'),
(33, 'Jeffrey Vincent', 6, 4291, 1, 0, 0, 0, 0, 0, 0, 0, 0, 0, 0, 0, 1, 0, 1, 266, 'Robot got disabled immediately after autonomous. Robot kept working and then gets disabled not very reliable for gears because of this. Somehow they managed to get back and climb at the end. Connection seems to be their biggest issue.', '2017-03-18 15:56:44'),
(34, 'Nathan', 6, 4290, 1, 0, 0, 0, 0, 0, 0, 0, 0, 0, 0, 0, 1, 0, 1, 310, 'Dropped 2 gears at gear hopper. Both the floor gear intake and the high goal shooter became jammed. Comparatively fast climber, probably 7 seconds after grabbing rope.', '2017-03-18 15:57:29'),
(35, 'Simran', 6, 1225, 1, 0, 0, 0, 0, 0, 0, 0, 0, 0, 0, 0, 3, 0, 1, 310, 'Great gear mechanism, was able to quickly and consistently get the gear on the peg. However, was somewhat slow to move across the field and got blocked a couple of times.', '2017-03-18 15:58:02'),
(36, 'Aaron', 6, 3402, 1, 1, 0, 0, 0, 0, 0, 0, 0, 0, 1, 3, 0, 0, 1, 266, 'This robot could not seen to get gears in its loading mechanism from the hopper, all three attempted gear receptions ended with a gear on the floor.  The robot mostly played defense, blocking opposing robots going for gears.  When it was tied the robot bumped a coal hopper and scored a point in the low goal but had minor trouble getting them in. The robot successfully climbed the airship.', '2017-03-18 15:58:23'),
(37, 'Diego B', 7, 5727, 1, 0, 0, 0, 0, 0, 0, 0, 0, 0, 0, 0, 1, 0, 0, 195, 'Didn\'t do much', '2017-03-18 16:03:06'),
(38, 'Nathan', 7, 2640, 1, 0, 0, 0, 0, 0, 0, 0, 0, 0, 0, 0, 3, 0, 1, 195, 'Gear dropped during autonomous, and another during the regular match due to the gear being too far up on the peg. Innovative gear mechanism, with a pivoting grabber that collects and puts gear on peg.', '2017-03-18 16:04:18'),
(39, 'yaseen', 7, 3971, 1, 0, 0, 0, 0, 0, 0, 0, 0, 0, 0, 0, 1, 0, 1, 280, 'They scored a gear after some effort, after that they moved slowly across the field(possibly defense) and failed to grab a gear afterwards. Their climber is very precise and can touch the sensor without the base of the robot, approximately 6 to 7  seconds', '2017-03-18 16:04:29'),
(40, 'Jeffrey Vincent', 7, 1533, 1, 1, 0, 0, 0, 0, 0, 0, 0, 0, 0, 0, 2, 0, 0, 280, 'They can pick up gears off the floor. they are a big body robot and could push every robot on the field including their teammates. They use velcro to climb so because it didn\'t stick they couldn\'t climb. Could have picked up more gears but the other team played a lot of defense.', '2017-03-18 16:04:44'),
(41, 'Simran', 7, 6639, 0, 0, 0, 0, 0, 0, 0, 0, 0, 0, 0, 0, 0, 0, 1, 195, 'Mostly just defended the whole (not very well) but can climb very fast\nI did not see them get any gears on', '2017-03-18 16:06:09'),
(42, 'Aaron', 7, 6334, 1, 0, 0, 0, 0, 0, 0, 0, 0, 0, 0, 0, 3, 0, 1, 280, 'This robot was small and very fast.  It had the capability of scoring in the low goal, but it never did.  It gathered three gears and delivered three, weaving in and out of traffic fairly well.  It\'s climber climbed fairly quickly once it caught traction.', '2017-03-18 16:06:27'),
(43, 'Diego B', 8, 3661, 1, 0, 0, 0, 0, 0, 0, 0, 0, 0, 0, 0, 0, 0, 0, 245, 'Very close to putting a gear in autonomous, might be able to sometimes make it', '2017-03-18 16:12:34'),
(44, 'Nathan', 8, 2655, 1, 0, 0, 0, 0, 0, 0, 0, 0, 0, 0, 0, 0, 0, 1, 245, 'Set off 1 ball hopper. Gear became lodged in gear holder during autonomous, forcing them to play defense the rest of the match. Climbs with sub 4 second speed.', '2017-03-18 16:13:14'),
(45, 'Jeffrey Vincent', 8, 3215, 1, 0, 0, 0, 0, 0, 0, 0, 0, 0, 0, 0, 1, 0, 1, 0, 'Slow robot. Cannot play defense because even the smallest robots can shove this robot. They have a bad balance of wheels that makes their movement jerky but they do climb. They did not attempt to retrieve a gear from the human player. Took very long just to get on gear on the peg', '2017-03-18 16:13:24'),
(46, 'Simran', 8, 2974, 0, 0, 0, 0, 0, 0, 0, 0, 0, 0, 0, 0, 3, 0, 1, 245, 'Good at getting gears and can move very fast up and down the field\nRelatively sturdy\nCan climb fast', '2017-03-18 16:13:49'),
(47, 'yaseen', 8, 3459, 1, 1, 0, 0, 0, 0, 0, 0, 0, 0, 0, 0, 2, 0, 1, 0, 'They scored.a.gear in autonomous on the right peg, something I haven\'t seen done successfully before. They moved at a fair pace and scored two more gears. Their robot had a fair.Climbing system, 100 percent guarantee as long as they have the time which is around 8 seconds', '2017-03-18 16:14:49'),
(48, 'Aaron', 8, 4935, 1, 1, 0, 0, 0, 0, 0, 0, 0, 0, 0, 0, 1, 0, 0, 280, 'T-Rex played very good defense during this match. They scored one gear autonomously and one manually. Anyone who was in their way was plowed to the side.  At the end, they recognized they couldn\'t climb, so they decided to prevent someone else on the Blue Alliance from climbing. This resulted in some penalty penalty points, but also one of the Blue Alliance robots was unable to climb.', '2017-03-18 16:16:29'),
(49, 'Diego B', 9, 5679, 1, 0, 0, 0, 0, 0, 0, 0, 0, 0, 0, 0, 0, 0, 0, 115, 'Didn\'t do much except get bumped around.', '2017-03-18 16:23:11'),
(50, 'Jeffrey Vincent', 9, 5854, 1, 0, 1, 1, 3, 0, 0, 0, 0, 0, 0, 0, 4, 0, 0, 342, 'WOW! Got gear on peg starting from side on autonomous and then shot balls into high goal. Got gears very easily and put them on the peg so it was very easy for human player to get gear without dropping. During end game they shot some balls not sure if they have climbing feature. This is the match where all four rotors were spinning', '2017-03-18 16:24:10'),
(51, 'Nathan', 9, 4767, 1, 1, 0, 0, 0, 0, 0, 0, 0, 0, 0, 0, 2, 0, 0, 115, 'Climber had serious issues despite attempting early. Failed to latch on. Gear holder similar to our Pitt County bot', '2017-03-18 16:24:55'),
(52, 'Aaron', 9, 587, 0, 0, 0, 0, 0, 0, 0, 0, 0, 0, 0, 0, 5, 0, 1, 342, 'This robot had a shaky start, not moving in autonomous, but it made up for it by delivering five gears to the airship. This was the first match of the day where all four rotors were operational. Their robot was also very fast, making it a very good offensive robot.', '2017-03-18 16:25:12'),
(53, 'yaseen', 9, 5607, 1, 0, 0, 0, 0, 0, 0, 0, 0, 0, 0, 0, 2, 0, 1, 342, 'Moved at a moderate pace and got an extra ranking point becAuse of their partner who got 5 gears (hedgehogs). Their climber works well becAuse their robot is tall', '2017-03-18 16:25:13'),
(54, 'simran', 9, 3680, 1, 0, 0, 0, 0, 0, 0, 0, 0, 0, 0, 0, 3, 0, 0, 115, 'Moved very fast and easily\nGot gears very f fast but was unable to climb the rope', '2017-03-18 16:25:17'),
(55, 'Diego B', 10, 4291, 1, 0, 0, 0, 0, 0, 0, 0, 0, 0, 0, 0, 2, 0, 0, 235, 'Did alright', '2017-03-18 16:34:58'),
(56, 'Nathan', 10, 4291, 1, 0, 0, 0, 0, 0, 0, 0, 0, 0, 0, 0, 2, 0, 0, 235, 'Seemed to have difficulties driving. Robot drive slowly and jolted every few feet. Rope did not catch on the climber', '2017-03-18 16:35:35'),
(57, 'Simran', 10, 3215, 0, 0, 0, 0, 0, 0, 0, 0, 0, 0, 0, 0, 1, 0, 1, 235, 'Interesting robot shape but not a very good driver\nCan climb fast and reliably', '2017-03-18 16:36:16'),
(58, 'Jeffrey Vincent', 10, 6004, 0, 0, 0, 0, 0, 0, 0, 0, 0, 0, 0, 0, 0, 0, 0, 235, 'Did nothing autonomous played defense and couldn\'t get gear off. They almost got a card for pinning.', '2017-03-18 16:36:40'),
(59, 'yaseen', 10, 619, 1, 1, 0, 0, 0, 0, 0, 0, 0, 0, 0, 0, 3, 0, 1, 235, 'Swerve drive, got a gear on the left peg. Moved fairly fast and very good gear mechAnism. Climbs fast and well, I highly.recommend', '2017-03-18 16:37:26'),
(60, 'Aaron', 10, 3402, 1, 1, 0, 0, 0, 0, 0, 0, 0, 0, 0, 0, 1, 0, 1, 235, 'This robot only delivered one gear and played defense. They dropped three gears and they also climbed so similar results to previous match.', '2017-03-18 16:39:23'),
(61, 'Kyle DeLay', 11, 6334, 1, 0, 0, 0, 0, 0, 0, 0, 0, 0, 0, 0, 0, 0, 0, 100, 'Seemed like the drive team had no idea.\n what they were doing. The bot has all the pieces but did not put them together.', '2017-03-18 18:06:08'),
(62, 'iman', 11, 3506, 1, 0, 0, 0, 0, 0, 0, 0, 0, 0, 0, 0, 5, 0, 0, 180, 'Tried Cimbing. took a while to get the rope. Aalmost.git it. I hate this phone. Gear mechAnism is really good', '2017-03-18 18:06:16'),
(63, 'Justin Buckley', 11, 3971, 1, 0, 0, 0, 0, 0, 0, 0, 0, 0, 0, 0, 1, 0, 0, 180, 'There robot got flipped over near the beginning of this match', '2017-03-18 18:06:24'),
(64, 'Sam', 11, 977, 1, 0, 0, 0, 0, 0, 0, 0, 0, 0, 0, 0, 0, 0, 0, 100, 'Got a gear stuck in it\'s intake and just stayed in the delivery zone the whole match, but it didn\'t seem to be playing defense (if they were it wasn\'t good) then they drove over a gear and couldn\'t drive', '2017-03-18 18:06:51'),
(65, 'Paul Keller', 11, 2655, 1, 1, 0, 0, 0, 0, 0, 0, 0, 0, 0, 0, 1, 0, 0, 180, 'Side peg auto, missed a gear on peg in tele, started to climb', '2017-03-18 18:07:24'),
(66, 'Chris Dauber', 11, 2655, 1, 0, 0, 0, 0, 0, 0, 0, 0, 0, 0, 0, 0, 0, 0, 180, 'Keeps dropping gears. They went to go get a gear, but when their hp dropped it in, they moved out of the way. Driver error? They have a gear auto from the side, but it\'s not perfect. They dropped 2 or three gears, including the failed auto. Their climber is Velcro. It works, but they had trouble lining up', '2017-03-18 18:08:59'),
(67, 'Paul Keller', 12, 4767, 1, 1, 0, 0, 0, 0, 0, 0, 0, 0, 0, 0, 0, 0, 1, 255, 'Center peg auto, trouble with gears from hp station, disabled in front of hp station,...enabled...disabled again', '2017-03-18 18:14:21'),
(68, 'iman', 12, 5854, 1, 0, 1, 1, 1, 0, 0, 0, 0, 0, 0, 0, 3, 0, 1, 255, 'Climbing. Didn\'t count, but they got to the top. Meconium drive.', '2017-03-18 18:14:23'),
(69, 'Sam', 12, 2974, 1, 1, 0, 0, 0, 0, 0, 0, 0, 0, 0, 0, 4, 0, 1, 340, 'Really fast at driving, getting gears from the human player, and putting them on the peg. They have an active gear mechanism and can\'t pick them up from the ground. They can climb in about 3 seconds. Got all 4 rotors spinning', '2017-03-18 18:15:03'),
(70, 'Kyle', 12, 1225, 1, 0, 0, 0, 0, 0, 0, 0, 0, 0, 0, 0, 2, 0, 1, 340, 'The robot appeared to have a mechaunum or swerve drive. They started rocky but contributed', '2017-03-18 18:15:19'),
(71, 'Justin Buckley', 12, 587, 1, 0, 0, 0, 0, 0, 0, 0, 0, 0, 0, 0, 4, 0, 1, 340, 'Can stop a robot. It\'s fast. Can put gears on very well', '2017-03-18 18:15:21'),
(72, 'Chris Dauber', 12, 4767, 1, 1, 0, 0, 0, 0, 0, 0, 0, 0, 0, 0, 0, 0, 0, 225, 'C4 disabled in gear loading station for a bit??? Climbed in 9-10 seconds after they got lined up. I don\'t know how many gears they did. Their driver isn\'t very aggressive.', '2017-03-18 18:17:24'),
(73, 'Paul Keller', 13, 4290, 1, 0, 0, 0, 0, 0, 0, 0, 0, 0, 0, 0, 2, 0, 1, 145, 'Attempted side peg auto, wasting time at hp station, caught up on balls and gears at hp station, fast climb maybe 5s', '2017-03-18 18:21:45'),
(74, 'iman', 13, 3661, 1, 0, 0, 0, 0, 0, 0, 0, 0, 0, 0, 0, 3, 0, 0, 145, 'Attempted climb. Dropped a few gears.', '2017-03-18 18:22:32'),
(75, 'Kyle', 13, 5511, 1, 1, 0, 0, 0, 0, 0, 0, 0, 0, 0, 0, 3, 0, 1, 165, 'The robot can climb, but did not finish the climb in time.  They were  1/4 inch off', '2017-03-18 18:22:36'),
(76, 'Justin Buckley', 13, 3459, 1, 0, 0, 0, 0, 0, 0, 0, 0, 0, 0, 0, 1, 0, 0, 165, 'It\'s a little slow and is moconom drive. Climbed rope but not to the top', '2017-03-18 18:22:50'),
(77, 'Sam', 13, 6639, 1, 0, 0, 0, 0, 0, 0, 0, 0, 0, 0, 0, 2, 0, 1, 165, 'They have trouble getting gears from human players - the first two fell out. Then a gear got stuck in their intake', '2017-03-18 18:23:07'),
(78, 'Chris Dauber', 13, 4290, 1, 0, 0, 0, 0, 0, 0, 0, 0, 0, 0, 0, 1, 0, 1, 145, 'Botched gear auto. Driver is good. Good pilot. Was having trouble with gears because of the loading station...gears and balls in the way.', '2017-03-18 18:24:18'),
(79, 'Paul Keller', 14, 3402, 1, 1, 0, 0, 0, 0, 0, 0, 0, 0, 0, 0, 0, 0, 0, 115, 'Mecanum, drop gear off peg, got on rope', '2017-03-18 18:28:56'),
(80, 'Kyle DeLay', 14, 3506, 1, 0, 0, 0, 0, 0, 0, 0, 0, 0, 0, 0, 3, 0, 1, 141, 'Did not complete the climb. Picks gears off the ground', '2017-03-18 18:29:12'),
(81, 'iman', 14, 5607, 1, 0, 0, 0, 0, 0, 0, 0, 0, 0, 0, 0, 1, 0, 0, 115, 'Attempted climb. Took a while to collect and attempt to place gears', '2017-03-18 18:29:15'),
(82, 'Sam', 14, 5727, 1, 0, 0, 0, 0, 0, 0, 0, 0, 0, 0, 0, 2, 0, 0, 141, 'Have a mechanism drive. Pretty good at getting gears from the human player', '2017-03-18 18:29:25'),
(83, 'Justin Buckley', 14, 5854, 1, 0, 0, 0, 0, 0, 0, 1, 3, 3, 0, 0, 2, 0, 0, 141, 'Can climb but didn\'t. Is very fast and I think it\'s moconom drive', '2017-03-18 18:30:35'),
(84, 'Chris Dauber', 14, 3402, 1, 0, 0, 0, 0, 0, 0, 0, 0, 0, 0, 0, 2, 0, 0, 115, 'No complete climb. Got shoved around, mecanum drive. Top heavy. Driver is not aggressive. Has problems with balls and gears in the loading station.', '2017-03-19 01:25:33'),
(85, 'Paul Keller', 15, 2974, 0, 0, 0, 0, 0, 0, 0, 0, 0, 0, 0, 0, 2, 0, 1, 300, 'Trouble lining up gear on peg, gear fell in robot, part came off robot along with gear,', '2017-03-18 18:37:18'),
(86, 'iman', 15, 3215, 1, 0, 0, 0, 0, 0, 0, 0, 0, 0, 0, 0, 2, 0, 1, 30, 'Constantly doing wheelies, looks hard.to control. Took a while to move around.', '2017-03-18 18:37:41'),
(87, 'Kyle', 15, 977, 1, 0, 0, 0, 0, 0, 0, 0, 0, 0, 0, 0, 2, 0, 1, 215, 'Seemed to be stopped most of the match. It can climb though.', '2017-03-18 18:37:42'),
(88, 'Sam', 15, 4767, 1, 1, 0, 0, 0, 0, 0, 0, 0, 0, 0, 0, 0, 0, 0, 215, 'Not that fast. Took forever lining up at the gear station then dropped two. Was disabled for most of the match', '2017-03-18 18:37:44'),
(89, 'Justin Buckley', 15, 6639, 1, 0, 0, 0, 0, 0, 0, 0, 0, 0, 0, 0, 2, 0, 1, 215, 'Took a while to load a gear', '2017-03-18 18:37:59'),
(90, 'Chris Dauber', 15, 2974, 0, 0, 0, 0, 0, 0, 0, 0, 0, 0, 0, 0, 2, 0, 1, 300, 'Fast bot. Really fast. 3 seconds across the field fast. Aggressive driver. Tank\nDrive.', '2017-03-18 18:41:23'),
(91, 'Kyle', 16, 4935, 1, 1, 0, 0, 0, 0, 0, 0, 0, 0, 0, 0, 2, 0, 1, 210, 'It did work. Almost had a third gear', '2017-03-19 01:03:56'),
(92, 'Justin Buckley', 16, 3971, 1, 0, 0, 0, 0, 0, 0, 0, 0, 0, 0, 0, 1, 0, 1, 210, 'It\'s a little slow and takes a while to load a gear', '2017-03-18 18:50:26'),
(93, 'iman', 16, 1533, 1, 1, 0, 0, 0, 0, 0, 0, 0, 0, 0, 0, 1, 0, 1, 365, 'Had trouble picking up gears I think they needed to push against a wall.climbed really fast', '2017-03-18 18:50:50'),
(94, 'Sam', 16, 1225, 0, 0, 0, 0, 0, 0, 0, 0, 0, 0, 0, 0, 0, 0, 0, 210, 'Bad battery I think, they didn\'t move the whole match', '2017-03-18 18:51:01'),
(95, 'Paul Keller', 16, 3680, 1, 0, 0, 0, 0, 0, 0, 0, 0, 0, 0, 0, 3, 0, 0, 365, 'Fast, no climb attempt, had standard rope on davit. - Paul\n\nScore is high because of 205 penalty points from 1225 being disabled in red loading zone - Maddy', '2017-03-18 18:52:00'),
(96, 'Chris Dauber', 16, 3680, 1, 0, 0, 0, 0, 0, 0, 0, 0, 0, 0, 0, 1, 0, 0, 365, 'Wow. Those penalties though. Had trouble lining up gear on airship.', '2017-03-18 18:53:07'),
(97, 'Kyle', 17, 6334, 1, 0, 0, 0, 0, 0, 0, 0, 0, 0, 0, 0, 2, 0, 1, 195, 'Climbed. Took a couple of gears.', '2017-03-18 18:59:19'),
(98, 'Justin Buckley', 17, 5727, 1, 0, 0, 0, 0, 0, 0, 0, 0, 0, 0, 0, 3, 0, 0, 195, 'Meconium drive, fast and can deliver gears very well', '2017-03-18 18:59:44'),
(99, 'Maddy', 17, 5679, 1, 0, 0, 0, 0, 0, 0, 0, 0, 0, 0, 0, 0, 0, 0, 195, 'Dropped first gear. Looks like they were trying to defend the whole match kind of just drove around not doing much. The two pilots (one girls on fire) completely forgot a reserve gear and missed a whole rotor. Attempted to climb.', '2017-03-18 19:02:18'),
(100, 'Sam', 17, 5607, 0, 0, 0, 0, 0, 0, 0, 0, 0, 0, 0, 0, 1, 0, 0, 190, 'Turned and drove into the wall in auto for no apparent reason. Is really slow at getting gears from the human player and putting it on the peg, they dropped like 4 gears trying to get one and then it got stuck in their intake. Got tangled while climbing. Red card for wireless communication during auto', '2017-03-19 01:06:52'),
(101, 'iman', 17, 4291, 1, 0, 0, 0, 0, 0, 0, 0, 0, 0, 0, 0, 3, 0, 1, 195, 'The alliance forgot about the free gear.............. The robot itself was decent.', '2017-03-18 19:02:50'),
(102, 'Chris Dauber', 17, 5679, 1, 0, 0, 0, 0, 0, 0, 0, 0, 0, 0, 0, 2, 0, 0, 195, 'No climb, human player did not get the gear in time for auto, nor the free gear.', '2017-03-18 19:03:33'),
(103, 'Antonio', 18, 3661, 0, 0, 0, 0, 0, 0, 0, 0, 0, 0, 0, 0, 3, 0, 0, 230, 'Failed to push a gear onto a peg.587 crashed, pushing a gear out of the robot. Unique gear mechanism, with a ramp design to slide all the way down the robot', '2017-03-18 19:11:26'),
(104, 'Alex', 18, 5511, 1, 1, 0, 0, 0, 0, 0, 0, 0, 0, 0, 0, 2, 0, 0, 0, 'Looks like they have a shooter but don\'t use it , very good at gears take from player station and have automatic delivery. Climbed very well', '2017-03-18 19:11:52'),
(105, 'Charlotte', 18, 587, 1, 0, 0, 0, 0, 0, 0, 0, 0, 0, 0, 0, 4, 0, 1, 230, 'This robot almost got 5 on the peg but the human player rushed and dropped it \nThis boy easily climbed the rope, and quickly \nCurrently ranked 1', '2017-03-18 19:12:18'),
(106, 'JP', 18, 619, 1, 0, 0, 0, 0, 0, 0, 0, 0, 0, 0, 0, 3, 0, 1, 235, 'Really good gear bot.  Can hold balls but cannot tell if it actually has a shooter.  I assume so, but they did not shoot at all.  It climbed insanely fast!', '2017-03-18 19:12:25'),
(107, 'Major Kirby', 18, 2640, 1, 0, 0, 0, 0, 0, 0, 0, 0, 0, 0, 0, 1, 0, 1, 230, 'Had a working gear pickup mechanism but the handling of the gear was bad and it dropped the gear a couple of times while trying to get it on the peg. Driving was slow and a bit messy, but its climbing was very fast and it was able to get hold of the rope and climb up very quickly.', '2017-03-18 19:14:27'),
(108, 'Colin Evans', 18, 6004, 0, 0, 0, 0, 0, 0, 0, 0, 0, 0, 0, 0, 1, 0, 0, 230, 'Gear holder broke middle of the match so only placed one gear on peg in the entire match. Don\'t know if they can climb...', '2017-03-18 19:14:33'),
(109, 'Alex', 19, 3215, 0, 0, 0, 0, 0, 0, 0, 0, 0, 0, 0, 0, 3, 0, 0, 180, 'Very awkward in movement wheels too big can only climb and do gears but wasn\'t very good at either', '2017-03-18 19:19:30'),
(110, 'J Pizzle', 19, 5607, 1, 0, 0, 0, 0, 0, 0, 0, 0, 0, 0, 0, 1, 0, 0, 180, 'This robot wasted most of its time defending... as mecanum', '2017-03-18 19:19:39'),
(111, 'Antonio', 19, 3971, 1, 0, 0, 0, 0, 0, 0, 0, 0, 0, 0, 0, 3, 0, 0, 180, 'Fast climber, little to no jamming this round. Basic gear device, no piston. Took up significant time trying.to align for gear deposit', '2017-03-18 19:20:08'),
(112, 'Charlotte', 19, 6334, 1, 0, 0, 0, 0, 0, 0, 0, 0, 0, 0, 0, 3, 0, 1, 305, 'Had no issues loading and but took some time to get it onto the air ship \nClimbed very quickly \nGood human player', '2017-03-18 19:20:57'),
(113, 'Colin Evans', 19, 3459, 1, 0, 0, 0, 0, 0, 0, 0, 0, 0, 0, 0, 2, 0, 1, 305, 'Robot attempted to get gear on side peg in autonomous, climbs in about 5 to 6 seconds...', '2017-03-18 19:21:29'),
(114, 'Major Kirby', 19, 2974, 1, 1, 0, 0, 0, 0, 0, 0, 0, 0, 0, 0, 5, 0, 0, 305, 'Incredibly smooth, fast driving and very good gear mechanism. It was able to get across the field from the airship to the loading station in seconds, and handling was very good. The gear could consistently be removed from the robot cleanly and instantly without any extra movement, and they did not drop a single gear, getting five gears on the peg over the course of the match. However, they were not able to get ahold of the rope and did not climb.', '2017-03-18 19:23:10'),
(115, 'Alex', 20, 619, 1, 0, 0, 0, 0, 0, 0, 0, 0, 0, 0, 0, 1, 0, 0, 0, 'Had swerve not sure how fine tuned it is struggled with gears but climbed well', '2017-03-18 19:27:31'),
(116, 'JP', 20, 587, 1, 0, 0, 0, 0, 0, 0, 0, 0, 0, 0, 0, 2, 0, 1, 245, 'Was defended against really well.  They got nervous and dropped a gear.', '2017-03-18 19:27:49'),
(117, 'Antonio', 20, 6639, 1, 0, 0, 0, 0, 0, 0, 0, 0, 0, 0, 0, 1, 0, 1, 245, 'Dropped tree gears from.Gear hopper. Didn\'t do much else until end game. Robot climbed successfully despite a small slip with the rope. Quick climber.', '2017-03-18 19:28:05'),
(118, 'Charlotte', 20, 2640, 1, 0, 0, 0, 0, 0, 0, 0, 0, 0, 0, 0, 3, 0, 1, 205, 'The climber got within inches and then barely made it up high enough to press the button before time ran out', '2017-03-18 19:28:26'),
(119, 'Major Kirby', 20, 3661, 1, 0, 0, 0, 0, 0, 0, 0, 0, 0, 0, 0, 3, 0, 0, 205, 'Fast at getting across the field but gear system is inconsistent, was able to get the gear on the peg but dropped it many times, and also dropped/missed a lot of gears at the loading station. Bad climber, was able to latch onto the rope but climbing was slow and it eventually stopped and just hung there.', '2017-03-18 19:30:33'),
(120, 'Colin Evans', 20, 3402, 1, 0, 0, 0, 0, 0, 0, 0, 0, 0, 0, 0, 2, 0, 0, 205, 'Couldn\'t trigger button in climb(slow), not the best with gears...', '2017-03-18 19:30:48'),
(121, 'alex', 21, 977, 1, 0, 0, 0, 0, 0, 0, 0, 0, 0, 0, 0, 2, 0, 0, 260, 'Seem a little flimsy gear holder impractical', '2017-03-18 19:37:41'),
(122, 'Charlotte', 21, 4935, 1, 0, 0, 0, 0, 0, 0, 0, 0, 0, 0, 0, 3, 0, 1, 0, 'This robot was quick to get gears and', '2017-03-18 19:37:43'),
(123, 'Antonio', 21, 5511, 0, 0, 0, 0, 0, 0, 0, 0, 0, 0, 0, 0, 2, 0, 1, 260, 'Dropped a gear at gear hopper. Powerful gear mechanism with piston... pushed it.far onto the spring and very quick at depositing gears overall', '2017-03-18 19:37:55'),
(124, 'Jay Pee', 21, 3506, 1, 0, 0, 0, 0, 0, 0, 0, 0, 0, 0, 0, 3, 0, 0, 260, 'We got three gears.  We moved a bit slow too.  We also got stuck while climbing.', '2017-03-18 19:38:42'),
(125, 'Colin Evans', 21, 5679, 1, 0, 0, 0, 0, 0, 0, 0, 0, 0, 0, 0, 2, 0, 0, 195, 'Large robot good for defense, sucks at climbing, had trouble placing gears...', '2017-03-18 19:39:22'),
(126, 'Major Kirby', 21, 4291, 1, 0, 0, 0, 0, 0, 0, 0, 0, 0, 0, 0, 1, 0, 1, 195, 'Slow with terrible gear mechanism, the gear kept on falling on its side in the robot, and it took way too much time to get the gear on the peg. Very slow at getting across the field and got pushed around by other robots. The climber was also really slow, but the robot was able to successfully grab the rope and reach the top on time.', '2017-03-18 19:40:19'),
(127, 'Alex', 22, 3680, 1, 0, 0, 0, 0, 0, 0, 0, 0, 0, 0, 0, 0, 0, 0, 0, 'GOT GEAR STUCK IN CMGEAR HOLDER VERY BAD DID NOTHING failed to climb', '2017-03-18 19:45:43'),
(128, 'Charlotte', 22, 6004, 0, 0, 0, 0, 0, 0, 0, 0, 0, 0, 0, 0, 1, 0, 0, 180, 'The robot got a gear on went to get another and stoped working for a while. It started working with 30 seconds left, but the human players didn\'t put its rope down', '2017-03-18 19:46:04'),
(129, 'Antonio', 22, 5727, 1, 0, 0, 0, 0, 0, 0, 0, 0, 0, 0, 0, 2, 0, 0, 185, 'Dropped 3 gears at gear hopper, one got stuck inside the robot. Got stuck driving over gears two times. Only climbed halfway up the rope.', '2017-03-18 19:46:10'),
(130, 'James Pierpont', 22, 4290, 1, 0, 0, 0, 0, 0, 0, 0, 0, 0, 0, 0, 3, 0, 1, 185, 'Focused mainly on gears and avoided defenders well. Climbed really fast.', '2017-03-18 19:46:32'),
(131, 'Colin Evans', 22, 4767, 1, 0, 0, 0, 0, 0, 0, 0, 0, 0, 0, 0, 2, 0, 0, 170, 'Slow climber but good with gears...', '2017-03-18 19:47:57'),
(132, 'Major Kirby', 22, 2655, 0, 0, 0, 0, 0, 0, 0, 0, 0, 0, 0, 0, 1, 0, 1, 170, 'Very bad gear mechanism, dropped 2 out of the 3 gears it attempted to put on the peg. Driving was pretty slow and a bit messy, but climbing was good, and it was able to grab and reach the top of the rope in time.', '2017-03-18 19:49:15'),
(133, 'Alex', 23, 977, 1, 0, 0, 0, 0, 0, 0, 0, 0, 0, 0, 0, 2, 0, 0, 255, 'Kinda flimsy and not very useful', '2017-03-19 01:23:09'),
(134, 'Charlotte', 23, 5854, 1, 0, 0, 0, 0, 0, 0, 0, 0, 0, 0, 0, 2, 0, 0, 172, 'This robot stopped working for a while after autonomous but started working again with 55 seconds left', '2017-03-18 19:56:44'),
(135, 'Antonio', 23, 1225, 1, 0, 0, 0, 0, 0, 0, 0, 0, 0, 0, 0, 2, 0, 1, 255, 'Robot dropped one gear.extremely fast climber, probably around 3 seconds. Very basic gear mechanism, no piston.', '2017-03-18 19:57:29'),
(136, 'Colin Evans', 23, 3215, 1, 0, 0, 0, 0, 0, 0, 0, 0, 0, 0, 0, 2, 0, 1, 172, 'Can pick up gears from the ground but has trouble placing them, climbs well...', '2017-03-19 01:32:30'),
(137, 'Major Kirby', 23, 3661, 0, 0, 0, 0, 0, 0, 0, 0, 0, 0, 0, 0, 3, 0, 0, 172, 'Fast robot but inconsistent gear mechanism, dropping multiple gears while trying to get them on the peg. Climber is terrible, it was able to grab the rope but it couldn\'t even get itself off of the ground.', '2017-03-18 19:59:21'),
(138, 'Jard the Pard', 23, 1533, 1, 1, 0, 0, 0, 0, 0, 0, 0, 0, 0, 0, 4, 0, 1, 255, 'This robot is amazing at gear retrieval.  They are a reliable but medium speed climber.  Really good robot!', '2017-03-18 20:00:08'),
(139, 'Alex', 24, 587, 1, 0, 0, 0, 0, 0, 0, 0, 0, 0, 0, 0, 4, 0, 1, 285, 'Really fast pretty good at passive gear from HP very strong driveable climbed', '2017-03-19 01:22:41'),
(140, 'JP', 24, 6334, 1, 0, 0, 0, 0, 0, 0, 0, 0, 0, 0, 0, 3, 0, 1, 285, 'Pretty good gear retriever.  Fairly decent against defenders.', '2017-03-18 20:08:40'),
(141, 'Charlotte', 24, 3402, 1, 1, 0, 0, 0, 0, 0, 0, 0, 0, 0, 0, 2, 0, 1, 250, 'Had good human players\nSome issues getting gear onto robot', '2017-03-18 20:09:17'),
(142, 'Major Kirby', 24, 4767, 1, 0, 0, 0, 0, 0, 0, 0, 0, 0, 0, 0, 2, 0, 1, 195, 'Slow robot but pretty good gear mechanism, took a lot of time to get across the field but it was able to get gears on the peg consistently. Slow climber but it got the job done.', '2017-03-18 20:10:31'),
(143, 'Colin Evans', 24, 3459, 1, 0, 0, 0, 0, 0, 0, 0, 0, 0, 0, 0, 1, 0, 0, 185, 'Slow climber, kept dropping gears...', '2017-03-18 20:10:33'),
(144, 'Charlotte', 25, 4291, 1, 0, 0, 0, 0, 0, 0, 0, 0, 0, 0, 0, 1, 0, 0, 95, 'After autonomous did not move until 60 seconds left \nGot about halfway up the rope', '2017-03-19 01:04:50'),
(145, 'Noah', 25, 6004, 1, 0, 0, 0, 0, 0, 0, 0, 0, 0, 0, 0, 0, 0, 0, 95, 'Pushed other robots around. Failed to place any gears.', '2017-03-18 20:15:51'),
(146, 'Ben Sellers', 25, 2640, 1, 0, 0, 0, 0, 0, 0, 0, 0, 0, 0, 0, 3, 0, 0, 235, 'Had an active gear mechanism.Very consistent and good drive team and pilot. Came within a millisecond of climbing.', '2017-03-18 20:16:35'),
(147, 'Marco', 25, 1225, 1, 0, 0, 0, 0, 0, 0, 0, 0, 0, 0, 0, 4, 0, 0, 95, 'Moved very quickly and was consistently able to put gears on the peg in one try. Was unable to make a solid connection with the rope to climb', '2017-03-18 20:16:37'),
(148, 'Anna V', 25, 2640, 0, 0, 0, 0, 0, 0, 0, 0, 0, 0, 0, 0, 1, 0, 0, 236, 'The robot seems unstable and was constantly bumping into things. The robot climbed the rope but not in time. The rope climbing mechanism did not look reliable', '2017-03-18 20:17:26'),
(149, 'Kal', 25, 4291, 1, 0, 0, 0, 0, 0, 0, 0, 0, 0, 0, 0, 2, 0, 0, 95, 'Made largely of wood and tape. Attempted to place a gear during autonomous, but missed the peg. Placed its gear during the first few seconds of teleop, then remained still for a few minutes, seemingly unable to move, before collecting its second gear. Attempted to climb, but did not reach the top in time.', '2017-03-18 20:18:47'),
(150, 'Noah', 26, 4290, 1, 0, 0, 0, 0, 0, 0, 0, 0, 0, 0, 0, 1, 0, 0, 90, 'Robot broke down trying to get a gear.', '2017-03-18 20:23:22'),
(151, 'Ben Sellers', 26, 2974, 1, 0, 0, 0, 0, 0, 0, 0, 0, 0, 0, 0, 2, 0, 1, 330, 'Pretty solid-passive gear mechanism.', '2017-03-18 20:23:24'),
(152, 'Charlotte', 26, 3506, 1, 0, 0, 0, 0, 0, 0, 0, 0, 0, 0, 0, 4, 0, 0, 90, 'Our robot scored every single point', '2017-03-18 20:23:56'),
(153, 'Kal', 26, 3506, 1, 0, 0, 0, 0, 0, 0, 0, 0, 0, 0, 0, 4, 0, 0, 90, 'Able to pick up gears from the ground. Attempted to climb the rope, but did not grab it in time.', '2017-03-18 20:24:31'),
(154, 'marco', 26, 4290, 1, 0, 0, 0, 0, 0, 0, 0, 0, 0, 0, 0, 1, 0, 0, 90, 'Did not climb but was able to attach a gear quickly.', '2017-03-18 20:25:11'),
(155, 'Anna.', 26, 1533, 1, 0, 0, 0, 0, 0, 0, 0, 0, 0, 0, 0, 1, 0, 1, 330, 'This robot maneuvered very well and had an advantage with gear loading because they could pick them up off the ground.', '2017-03-18 20:25:36'),
(156, 'Ben Sellers', 27, 5854, 1, 1, 1, 1, 1, 0, 0, 1, 1, 1, 0, 0, 3, 1, 0, 260, 'Very fast and consistent. Great all-around. Passive gear mechanism.', '2017-03-18 20:31:14'),
(157, 'Charlotte', 27, 5511, 1, 1, 0, 0, 0, 0, 0, 0, 0, 0, 0, 0, 3, 0, 1, 255, 'Can push around other robots because of its size \nClimbs really fast', '2017-03-18 20:31:21'),
(158, 'Noah', 27, 4935, 1, 0, 0, 0, 0, 0, 0, 0, 0, 0, 0, 0, 3, 0, 1, 255, 'Very good at placing gears. Slow climber.', '2017-03-18 20:31:54'),
(159, 'marco', 27, 5727, 1, 1, 0, 0, 0, 0, 0, 0, 0, 0, 0, 0, 2, 0, 0, 255, 'Was able to quickly get gears secured on the peg, made it halfway up the rope but ran out of time.', '2017-03-18 20:31:59'),
(162, 'Anna', 27, 2655, 1, 1, 0, 0, 0, 0, 0, 0, 0, 0, 0, 0, 0, 0, 1, 260, 'Near the beginning of the match they faced a tough three robot collision and obviously something on their robot broke because they couldn\'t really move and could only go in small circles. Somehow, despite the circumstances, the robot managed to hobble its way over to the airship and climb. I am In awe. Platypi live on forever. Driver goals.', '2017-03-18 20:34:18'),
(163, 'Noah', 28, 1533, 0, 0, 0, 0, 0, 0, 0, 0, 0, 0, 0, 0, 0, 0, 0, 0, 'Gear fell off before match started. Robot did not move.', '2017-03-18 20:44:27'),
(164, 'Ben Sellers', 28, 977, 1, 0, 0, 0, 0, 0, 0, 0, 0, 0, 0, 0, 2, 0, 1, 270, 'Very slow-bots of.war carried them.', '2017-03-18 20:44:48'),
(165, 'Charlotte', 28, 4290, 1, 0, 0, 0, 0, 0, 0, 0, 0, 0, 0, 0, 2, 0, 1, 270, 'It got a 3rd onto the peg but the human player lost it\nAlso one teemate lost a bumper and stoped moving early on in the match', '2017-03-18 20:44:58'),
(166, 'Anna V', 28, 977, 1, 0, 0, 0, 0, 0, 0, 0, 0, 0, 0, 0, 1, 0, 1, 270, 'This robot could be an addition to the team but it is nothing special. It does what every other robot does but a littl bit below average. Climbing seems unreliable.', '2017-03-18 20:45:12'),
(167, 'Kal', 28, 5607, 1, 0, 0, 0, 0, 0, 0, 0, 0, 0, 0, 0, 1, 0, 1, 190, 'Attempted to collect a second gear, but was not able to catch it in its gear mechanism.', '2017-03-18 20:45:26'),
(169, 'Ben Sellers', 29, 4935, 1, 1, 0, 0, 0, 0, 0, 0, 0, 0, 0, 0, 2, 0, 1, 255, 'Fairly good but struggled to get gears from human player', '2017-03-18 20:53:01'),
(170, 'Noah', 29, 587, 1, 0, 0, 0, 0, 0, 0, 0, 0, 0, 0, 0, 3, 0, 1, 245, 'Can laterally push other robots. Very efficient gear mechanism. Only lost due to penalty.', '2017-03-18 20:53:13'),
(171, 'Kal', 29, 3661, 1, 0, 0, 0, 0, 0, 0, 0, 0, 0, 0, 0, 4, 0, 0, 245, 'Very efficient at collecting and placing gears, though it dropped one at one point. Attempted to climb the rope, but did not grab it in time.', '2017-03-18 20:53:17'),
(172, 'Annaa', 29, 4935, 1, 0, 0, 0, 0, 0, 0, 0, 0, 0, 0, 0, 2, 0, 1, 235, 'The robot maneuvers well and climbing looks reliable.', '2017-03-18 20:53:30'),
(173, 'Charlotte', 29, 6334, 1, 0, 0, 0, 0, 0, 0, 0, 0, 0, 0, 0, 4, 0, 0, 255, 'Missed climb by a couple of inches, not because of time, but because the robot just stopped climbing \nThey have a really good human player', '2017-03-19 01:08:28'),
(174, 'marco', 29, 587, 1, 0, 0, 0, 0, 0, 0, 0, 0, 0, 0, 0, 2, 0, 1, 245, 'Was able to put gears quickly and climb the rope quickly.  Smooth driving vehicle.', '2017-03-18 20:55:16'),
(175, 'Ben Sellers', 30, 3215, 1, 0, 0, 0, 0, 0, 0, 0, 0, 0, 0, 0, 1, 0, 1, 145, 'Had a weird 2-wheel drive train. Had a weak active gear mechanism. Very slow moving', '2017-03-18 21:00:00'),
(176, 'Anna', 30, 4767, 1, 0, 0, 0, 0, 0, 0, 0, 0, 0, 0, 0, 1, 0, 0, 145, 'The robot spent a lot of time meandering around the field doing nothing. Slow climber so they didn\'t climb in time.', '2017-03-18 21:00:24'),
(177, 'Noah', 30, 2640, 1, 0, 0, 0, 0, 0, 0, 0, 0, 0, 1, 2, 3, 0, 1, 305, 'Medium speed climber. Ineffective dump into the low goal.', '2017-03-18 21:00:24'),
(178, 'Charlotte', 30, 5727, 1, 0, 0, 0, 0, 0, 0, 0, 0, 0, 0, 0, 3, 0, 0, 145, 'Gets gears relatively quickly \nWas hit a lot trying to load one of its gears \nTried to get up rope but coudnt', '2017-03-18 21:01:06'),
(179, 'Kal', 30, 3971, 1, 0, 0, 0, 0, 0, 0, 0, 0, 0, 0, 0, 0, 0, 1, 305, 'Human player pulled up gears impatiently, dropping gears in the process. The robot\'s gear mechanism seemed to be too far back, as the gear barely reached the peg. Attempted to place a gear, but the above issues prevented it from being successful.', '2017-03-18 21:01:07'),
(180, 'marco', 30, 2640, 1, 0, 0, 0, 0, 0, 0, 0, 0, 0, 0, 0, 3, 0, 1, 305, 'Was speedy and consistent with gears, had no trouble placing them on the peg. Climbed rather effortlessly.', '2017-03-18 21:01:31'),
(181, 'Antonio', 24, 3971, 1, 0, 0, 0, 0, 0, 0, 0, 0, 0, 0, 0, 1, 0, 1, 285, 'Gear knocked out by 3402. Dropped another gear from claw. Very low grip strength on.Gear mech', '2017-03-18 21:02:43'),
(182, 'Nathan', 31, 619, 1, 0, 0, 0, 0, 0, 0, 0, 0, 0, 0, 0, 2, 0, 1, 255, 'Dropped gear in autonomous. Also dropped a gear close to end game. Climbing speed very fast, but only a stage speed at getting gears', '2017-03-18 21:09:39'),
(183, 'Diego B', 31, 3506, 1, 0, 0, 0, 0, 0, 0, 0, 0, 0, 0, 0, 6, 0, 0, 255, 'Did pretty well', '2017-03-18 21:09:41'),
(184, 'Jeffrey Vincent', 31, 3680, 0, 0, 0, 0, 0, 0, 0, 0, 0, 0, 0, 0, 2, 0, 0, 153, 'Did okay, struggled with getting gear from human player and played a little bit of defense but overall not much impact.', '2017-03-18 21:10:40'),
(185, 'Yaseen', 31, 6639, 1, 0, 0, 0, 0, 0, 0, 0, 0, 0, 0, 0, 2, 0, 0, 153, 'Inches away from scoring the climb, decent speed, got blocked which allowed less gear scoring', '2017-03-18 21:10:50'),
(186, 'Simran', 31, 3459, 0, 1, 0, 0, 0, 0, 0, 0, 0, 0, 0, 0, 2, 0, 1, 255, 'The robot did get a gear on the peg in autonomous but did not cross the mobility line \nFast climber \nGood/Fast gear retrieval', '2017-03-18 21:11:48'),
(187, 'Aaron', 31, 5854, 1, 1, 1, 1, 1, 0, 0, 1, 2, 1, 0, 0, 2, 0, 0, 153, 'The robot scored one gear in autonomous and two in manual. They had trouble receiving gears but it seemed more due to the fact that the human player was not very good.  They do not climb but instead they shoot balls in the high goal.', '2017-03-18 21:13:15'),
(188, 'Yaseen', 32, 2655, 1, 0, 0, 0, 0, 0, 0, 0, 0, 0, 0, 0, 1, 0, 1, 145, 'Went too fast and dropped two gears, good climbing mechanism but slow moving', '2017-03-18 21:17:09'),
(189, 'Diego', 32, 587, 1, 0, 0, 0, 0, 0, 0, 0, 0, 0, 0, 0, 3, 0, 0, 0, 'Can get a gear across the field and onto a peg in around six to seven seconds, highly maneuverable.', '2017-03-18 21:17:11'),
(190, 'Nathan', 33, 3402, 1, 0, 0, 0, 0, 0, 0, 0, 0, 0, 0, 0, 3, 0, 0, 245, 'Would have scored a gear in autonomous with just a few more inches. Dropped 2 gears, one due to the driver and one due to the human player. Piece of climber broke off mid climb, and did not complete the climb.', '2017-03-18 21:17:46'),
(191, 'Jeffrey Vincent', 32, 5679, 1, 0, 0, 0, 0, 0, 0, 0, 0, 0, 0, 0, 0, 0, 0, 145, 'Dropped the only gear they had, didn\'t play defense well, rammed into robots delivering gears most likely to get a red card imho. Climbed and then just when it was getting good fell from their rope :(', '2017-03-18 21:18:07'),
(192, 'Simran', 32, 2974, 0, 0, 0, 0, 0, 0, 0, 0, 0, 0, 0, 0, 5, 0, 1, 245, 'Pretty great bot!! Insane amount of gears on the pegs and very fast too \nGood/reliable rope climber', '2017-03-18 21:18:10'),
(193, 'Aaron', 32, 1225, 1, 0, 0, 0, 0, 0, 0, 0, 0, 0, 0, 0, 4, 0, 0, 145, 'This robot is small, fast, and good at delivering gears. However when it gets hit by a bigger robot the gear can be knocked out fairly easy (this happened once).  Overall steady performance from this robot.', '2017-03-18 21:18:58'),
(195, 'Nathan', 33, 1533, 1, 0, 0, 0, 0, 0, 0, 0, 0, 0, 0, 0, 5, 0, 1, 325, 'Dropped a gear in autonomous.fast, efficient  piston powered gear mech. ManAged to both deposit a gear and climb in end.Game.', '2017-03-18 21:24:42'),
(196, 'Jeffrey Vincent', 32, 977, 1, 1, 0, 0, 0, 0, 0, 0, 0, 0, 0, 0, 2, 0, 1, 165, 'Got some gears put gear on peg in autonomous moves at moderate speed and is small robot and could probabaly be pushed around by bigger defense robots', '2017-03-18 21:24:47'),
(197, 'Yaseen', 33, 5727, 1, 0, 0, 0, 0, 0, 0, 0, 0, 0, 0, 0, 1, 0, 0, 165, 'Dropped the first gear and just lazier around sort of after he second gear. They started climbing way to late and barely got off the ground', '2017-03-18 21:25:29'),
(198, 'Simran', 33, 4290, 0, 0, 0, 0, 0, 0, 0, 0, 0, 0, 0, 0, 3, 0, 1, 325, 'Really great robot \nSuper fast and efficient-gets gears on the peg fast and is sturdy', '2017-03-18 21:25:31'),
(199, 'Aaron', 33, 3661, 1, 0, 0, 0, 0, 0, 0, 0, 0, 0, 0, 0, 2, 0, 0, 165, 'This wedge-shaped robot was not very fast and its gear delivery system is very unreliable because to get it on the robot it has to be lined up perfectly and then when it delivers it throws the gear on the spring, often missing. It also cannot climb very well and it lost its gear twice.', '2017-03-18 21:26:54'),
(200, 'Diego', 34, 6004, 1, 0, 0, 0, 0, 0, 0, 0, 0, 0, 0, 0, 0, 0, 0, 150, 'Did not do much', '2017-03-18 21:31:11'),
(201, 'Jeffrey Vincent', 33, 4935, 1, 1, 0, 0, 0, 0, 0, 0, 0, 0, 0, 0, 2, 0, 0, 205, 'Big robot can push most bots and can probably climb if they planned better. Not efficient with putting gears on the peg.', '2017-03-18 21:33:07'),
(202, 'Nathan', 34, 3215, 1, 0, 0, 0, 0, 0, 0, 0, 0, 0, 0, 0, 3, 0, 0, 200, 'High maneuverability but easy to tip due to 2 wheels. Relatively good climber, climbed in about.10 seconds. Forklift design for what I think was a round gear intake (not sure, they never used.it that I saw)', '2017-03-18 21:33:09'),
(203, 'Simran', 34, 3506, 1, 0, 0, 0, 0, 0, 0, 0, 0, 0, 0, 0, 1, 0, 0, 200, 'Good idea to feed 315 gears \nYETI was fast and powerful on the field and the ability to pick up gears is definitely a plus', '2017-03-18 21:33:16'),
(204, 'Aaron', 34, 3459, 1, 1, 0, 0, 0, 0, 0, 0, 0, 0, 0, 0, 3, 0, 1, 255, 'This robot was very good at getting gears despite the fact that it didn\'t move very fast. The drivers and the human players at the gear station also worked well together, getting a gear in while the robot was away from the wall and misaligned twice.', '2017-03-18 21:34:30'),
(205, 'Yaseen', 34, 1225, 1, 0, 0, 0, 0, 0, 0, 0, 0, 0, 0, 0, 1, 0, 0, 255, 'Moved fast, but dropped two gears', '2017-03-18 21:34:42'),
(206, 'Diego', 35, 3680, 1, 0, 0, 0, 0, 0, 0, 0, 0, 0, 0, 0, 2, 0, 0, 200, 'Pretty slow', '2017-03-18 21:39:42'),
(207, 'Jeffrey Vincent', 35, 5511, 0, 0, 0, 0, 0, 0, 0, 0, 0, 0, 0, 0, 2, 0, 1, 255, 'Dropped some gears and take a long time to do everything but robot moves well. Moderate speed robot', '2017-03-18 21:39:49'),
(208, 'Nathan', 35, 6639, 1, 0, 0, 0, 0, 0, 0, 0, 0, 0, 0, 0, 3, 0, 0, 200, 'Could have climbed all the way but the rope was not catching. Good at collecting gears, probably not the most reliable climber', '2017-03-18 21:40:17'),
(209, 'Simran', 35, 2640, 0, 0, 0, 0, 0, 0, 0, 0, 0, 0, 1, 2, 1, 0, 1, 200, 'Got gear on peg during autonomous but didn\'t cross mobility line\nDropped two gears while trying to get them on the pegs \nOne of the only shooters I\'ve seen-only tried to shoot in the last few seconds of the match but was relatively accurate', '2017-03-18 21:40:35'),
(210, 'Aaron', 35, 2655, 1, 1, 0, 0, 0, 0, 0, 0, 0, 0, 0, 0, 3, 0, 1, 255, 'This robot was effective in delivering gears, as well as overcoming defense.  While it was trying to deliver a gear an opposing robot tried to shove it off but it simply spun and in turn shoved the attacking robot away. Their climber is also pretty fast.', '2017-03-18 21:41:16'),
(211, 'Yaseen', 35, 6334, 1, 0, 0, 0, 0, 0, 0, 0, 0, 0, 0, 0, 4, 0, 0, 255, 'Moved very fast and good gear scoring. The climbing mechanism is not very good as it needs the rope to go over the bumper to work', '2017-03-18 21:41:30'),
(213, 'Sam', 36, 619, 1, 0, 0, 0, 0, 0, 0, 0, 0, 0, 0, 0, 3, 0, 1, 250, 'Tried to get a gear in auto, but didn\'t get it on. Drives really fast. Has a little trouble grabbing the rope, but once they do they can go up in about 2 seconds', '2017-03-18 21:47:59'),
(214, 'Jeffrey Vincent', 36, 4291, 1, 0, 0, 0, 0, 0, 0, 0, 0, 0, 0, 0, 1, 0, 0, 208, 'Stood in the middle and didn\'t do much and gave up on collecting gears. Tried to climb but also did not work. They have potential and maybe just need strategy help', '2017-03-18 21:48:02'),
(215, 'Simran', 36, 2974, 0, 0, 0, 0, 0, 0, 0, 0, 0, 0, 0, 0, 2, 0, 1, 250, 'Got gear on in autonomous but did not cross mobility line \nNot too fast but reliable \nAlmost fell while climbing the rope but eventually made it', '2017-03-18 21:48:08'),
(218, 'Noah', 36, 5854, 1, 1, 1, 2, 3, 0, 0, 1, 2, 2, 0, 0, 3, 0, 0, 208, 'Can move laterally. Very fast, very precise. No climber. Fairly consistent shooter.', '2017-03-18 21:48:10'),
(220, 'Aaron', 36, 3971, 1, 0, 0, 0, 0, 0, 0, 0, 0, 0, 0, 0, 2, 0, 1, 208, 'This robot was slow and it was not lining up very well to receive gears. They dropped a gear at around 45 seconds left and then it just kinda stopped moving and didn\'t try to get another one even though it was right by the station.', '2017-03-18 21:49:43'),
(222, 'Paul Keller', 37, 3402, 1, 0, 0, 0, 0, 0, 0, 0, 0, 0, 0, 0, 3, 0, 1, 221, 'Attempted center gear auto, gear fell out, pilot was careful with a gear,', '2017-03-18 21:54:49'),
(223, 'Sohan', 36, 5607, 0, 0, 0, 0, 0, 0, 0, 0, 0, 0, 0, 0, 1, 0, 0, 250, 'They had a very terrible driver\n\nMainly took the whole match just to line up one gear on the spring. \n\nVery slow robot \n\nDriver could barely make it across the field without having to stop \n\nTried to climb but the driver was so bad he could not line his climber up with the rope. \n\nDid not contribute much to the team\n\nPlayed terrible defense', '2017-03-18 21:54:52');
INSERT INTO `scout_data` (`scout_data_id`, `name`, `match_number`, `team_number`, `robot_moved`, `auto_gear`, `autoHighGoal`, `autoHighAccuracy`, `autoShootSpeed`, `autoLowGoal`, `autoLowAccuracy`, `teleHighGoal`, `teleHighAccuracy`, `teleShootSpeed`, `teleLowGoal`, `teleLowAccuracy`, `teleGears`, `load`, `climbed`, `score`, `comments`, `timestamp`) VALUES
(224, 'Justin Buckley', 37, 3661, 1, 0, 0, 0, 0, 0, 0, 0, 0, 0, 0, 0, 0, 0, 0, 165, 'If hit it may lose the gear they have. Could defend ok', '2017-03-18 21:54:54'),
(225, 'Kyle', 37, 4767, 1, 1, 0, 0, 0, 0, 0, 0, 0, 0, 0, 0, 2, 0, 0, 165, 'Moved sluggish. Did not do much', '2017-03-18 21:55:49'),
(226, 'Kal', 37, 3402, 1, 0, 0, 0, 0, 0, 0, 0, 0, 0, 1, 3, 3, 0, 1, 221, 'Fairly efficient at gathering gears.', '2017-03-18 21:56:31'),
(227, 'Sam', 37, 3506, 1, 0, 0, 0, 0, 0, 0, 0, 0, 0, 0, 0, 3, 0, 1, 165, 'We aren\'t very consistent with how long it takes to pick up gears and put them on the peg - sometimes it\'s a few seconds, sometimes it\'s at least 10. We have trouble grabbing onto the rope, but we\'re still pretty quick (this was the first match after the climber was fixed)', '2017-03-18 21:57:33'),
(228, 'Sohan', 37, 5679, 1, 0, 0, 0, 0, 0, 0, 0, 0, 0, 0, 0, 1, 0, 1, 215, 'Did not catch the score\n\nPlayed really good defense \n\nReally fast robot', '2017-03-18 22:00:22'),
(229, 'Justin Buckley', 38, 5854, 1, 0, 0, 0, 0, 0, 0, 1, 2, 3, 0, 0, 4, 0, 0, 217, 'Fast robot. Can load and unloa', '2017-03-18 22:04:39'),
(230, 'Sam', 38, 6334, 1, 0, 0, 0, 0, 0, 0, 0, 0, 0, 0, 0, 4, 0, 0, 242, 'Drove around wildly in auto. Drives really fast and is really fast at putting the gear on the peg. Their climber jammed', '2017-03-18 22:05:03'),
(231, 'Kal', 38, 2655, 1, 1, 0, 0, 0, 0, 0, 0, 0, 0, 0, 0, 2, 0, 1, 210, 'Attempted to place another gear, but missed the peg and ran out of time.', '2017-03-18 22:05:28'),
(232, 'Kyle', 38, 1533, 1, 0, 0, 0, 0, 0, 0, 0, 0, 0, 0, 0, 2, 0, 0, 242, 'Worked very well for the first half of the match, then died', '2017-03-18 22:05:30'),
(233, 'Paul Keller', 38, 2655, 1, 0, 0, 0, 0, 0, 0, 0, 0, 0, 0, 0, 2, 0, 1, 210, 'Dropped gear trying to get it on peg,', '2017-03-18 22:05:37'),
(234, 'Yaseen', 39, 6639, 1, 0, 0, 0, 0, 0, 0, 0, 0, 0, 0, 0, 2, 0, 1, 235, 'Just barely climbed, acceptable gear system, moderate speed', '2017-03-18 22:13:56'),
(235, 'Kal', 39, 3971, 1, 0, 0, 0, 0, 0, 0, 0, 0, 0, 0, 0, 3, 0, 0, 235, 'Attempted to climb, but did not grab the rope in time.', '2017-03-18 22:14:15'),
(236, 'Sam', 39, 619, 1, 0, 0, 0, 0, 0, 0, 0, 0, 0, 0, 0, 1, 0, 1, 185, 'Looked like they had a gear auto using vision, but they were way off and dropped the gear. I think they were having drivetrain issues, they weren\'t driving coherently and they were wobbling so they played defense', '2017-03-18 22:14:38'),
(237, 'Kyle', 39, 5727, 1, 0, 0, 0, 0, 0, 0, 0, 0, 0, 0, 0, 2, 0, 0, 185, 'Climbs slow, so it did not make the climbing cut', '2017-03-18 22:14:53'),
(238, 'Justin t', 39, 1225, 1, 0, 0, 0, 0, 0, 0, 0, 0, 0, 0, 0, 3, 0, 0, 105, 'Think it\'s moconom drive. Can climb, is fast, and takes/puts gears on very well', '2017-03-18 22:15:08'),
(239, 'Sohan', 39, 2974, 1, 0, 0, 0, 0, 0, 0, 0, 0, 0, 0, 0, 3, 0, 1, 235, 'Very fast tank drive\n\nHad good driver \n\nDropped many gears on the field \n\nPlyed through robots easily (had very good offense)', '2017-03-18 22:16:28'),
(240, 'Sohan', 38, 4290, 1, 0, 0, 0, 0, 0, 0, 0, 0, 0, 0, 0, 1, 0, 1, 210, 'Had a very fast tank drive \n\nRobot focused on getting gears\n\nCould have gotten more gears on peg iif robot didn\'t trip over balls.\n\nHad trouble getting over balls and robot almost tipped over\n\nTook for ever for the robot to shake off the 1 ball underneath it.', '2017-03-18 22:17:43'),
(241, 'Sohan', 40, 977, 1, 0, 0, 0, 0, 0, 0, 0, 0, 0, 0, 0, 3, 0, 0, 205, 'Climber did not do so well\n\nI think it got jammed \n\nMainly focused on getting gears and they were very good at it.', '2017-03-18 22:22:26'),
(242, 'Yaseen', 40, 3459, 1, 1, 0, 0, 0, 0, 0, 0, 0, 0, 0, 0, 1, 0, 1, 205, 'Slow to climb, very big and Omni drive so it is easily defendable. Got a gear on the right peg in autonomous. It moves slow', '2017-03-18 22:22:59'),
(243, 'Sam', 40, 3215, 1, 1, 0, 0, 0, 0, 0, 0, 0, 0, 0, 0, 2, 0, 0, 270, 'It\'s the two wheeler robot. Placed a gear on one of the side pegs in auto. Can pick up gears from the ground, but is really slow at it. Drives very slow. Has no trouble putting the gear on the peg. Climbs very slowly and made loud noises while doing so', '2017-03-18 22:23:53'),
(244, 'Kal', 40, 2640, 1, 0, 0, 0, 0, 0, 0, 0, 0, 0, 0, 0, 2, 0, 0, 205, 'Attempted to place a gear during autonomous, but missed the peg. Attempted to climb the rope, but the climber stalled. Capable of picking up gears from the ground.', '2017-03-18 22:24:10'),
(245, 'Kyle', 40, 4291, 1, 0, 0, 0, 0, 0, 0, 0, 0, 0, 0, 0, 0, 0, 1, 270, 'Idled for most of the match, but climbed at the end.', '2017-03-18 22:24:23'),
(246, 'Justin Buckley', 40, 5511, 1, 1, 0, 0, 0, 0, 0, 0, 0, 0, 0, 0, 0, 0, 1, 270, 'Fast, could play defense. Put 2 gears on but they fell off, not the pilots fault', '2017-03-18 22:24:51'),
(247, 'Alex', 41, 587, 1, 1, 0, 0, 0, 0, 0, 0, 0, 0, 0, 0, 2, 0, 1, 165, 'Kinda HP passive gear holder has great pushing ability pushed trex 12  feet SIDEWAYS climbed', '2017-03-19 14:27:13'),
(248, 'Simran', 41, 6004, 1, 0, 0, 0, 0, 0, 0, 0, 0, 0, 0, 0, 0, 0, 1, 165, 'Took a hit and the gear fell right out \nDidn\'t place any gears or shoot at all\nDid climb the rope but that\'s about it', '2017-03-19 14:27:33'),
(249, 'Charlotte', 41, 3680, 1, 0, 0, 0, 0, 0, 0, 0, 0, 0, 0, 0, 1, 0, 0, 165, 'Was easily pushed by other robots\nReleased the fuel but then couldn\'t get around it to get gears\nCouldn\'t latch on to the rope and not for lack of trying', '2017-03-19 14:28:51'),
(250, 'Colin Evans', 41, 4290, 1, 0, 0, 0, 0, 0, 0, 0, 0, 0, 0, 0, 1, 0, 1, 270, 'Had trouble placing gears and kept getting stuck on spilled balls, climbed really well...', '2017-03-19 14:29:06'),
(251, 'Sohan', 41, 6639, 1, 0, 0, 0, 0, 0, 0, 0, 0, 0, 0, 0, 1, 0, 1, 270, 'Did not have a very good driver \n\nTook like half the match for the robot to align with the peg\n\nDriver could not line the gear up at all with the peg \n\nHuman player could not signal at all. (Terrible hand signals)\n\nDid not have good defense', '2017-03-19 14:30:04'),
(252, 'Major Kirby', 41, 6639, 1, 0, 0, 0, 0, 0, 0, 0, 0, 0, 0, 0, 1, 0, 1, 270, 'Slow with bad gear mechanism, took way too much time trying to get the gear in the robot and then on the peg. Driving was slow and very cluttered, took a lot of time trying to get across the field. Climber was ok, climbing was a bit slow but it was able to get to the top.', '2017-03-19 14:30:06'),
(253, 'Alex', 42, 4767, 1, 0, 0, 0, 0, 0, 0, 0, 0, 0, 0, 0, 1, 0, 0, 145, 'Kinda slow GEAR holder got gear stuck INSIDE ROBOT VERY BAD . Human player also reaches out a lot. Failed to climb', '2017-03-19 16:57:16'),
(254, 'Colin Evans', 42, 5511, 1, 1, 0, 0, 0, 0, 0, 0, 0, 0, 0, 0, 2, 1, 1, 255, 'Large robot good for defense, placed gear on center peg in autonomous, dropped a couple gears, climbed in about 12 seconds...', '2017-03-19 14:36:58'),
(255, 'Jard the Pard', 42, 3971, 1, 0, 0, 0, 0, 0, 0, 0, 0, 0, 0, 0, 2, 0, 0, 145, 'This robot is ok gear collecter.  It will not be good at defending or against defenders.  They almost climbed here but just missed it.', '2017-03-19 14:37:17'),
(256, 'simran', 42, 619, 0, 0, 0, 0, 0, 0, 0, 0, 0, 0, 0, 0, 3, 0, 0, 145, 'dropped the gear they were about to get on in autonomous\nThey weren\'t very fast at all but they can climb', '2017-03-19 14:38:22'),
(257, 'Major Kirby', 42, 5679, 0, 0, 0, 0, 0, 0, 0, 0, 0, 0, 0, 0, 1, 0, 1, 255, 'Only attempted to get one gear on the peg, and played defensively for the rest of the match, staying in the center of the field and trying to block enemy robots from going across, which it did a pretty bad job at, as the robot was slow and many robots were able to get past it easily. Its climber was pretty good, and was able to climb to the top on time.', '2017-03-19 14:39:04'),
(258, 'Sohan', 42, 5607, 0, 0, 0, 0, 0, 0, 0, 0, 0, 0, 0, 0, 1, 0, 1, 255, 'Did not really have an actual autonomous \n\nToo like the whole match just to align one gear to with the peg\n\nHad terrible communication with their human player \n\nThey climbed pretty smoothly \n\nAfter they delivered their first gear they just hung out right in front of the mobility line\n\nI think they were just waiting to climb because I noticed their robot is very slow and I think they thought they could not make it across the field in time.', '2017-03-19 14:39:59'),
(259, 'Alex', 43, 2974, 1, 0, 0, 0, 0, 0, 0, 0, 0, 0, 0, 0, 2, 0, 0, 235, 'Kinda poorly designed gear holder climbed ok', '2017-03-19 14:43:15'),
(260, 'Colin Evans', 43, 977, 1, 0, 0, 0, 0, 0, 0, 0, 0, 0, 0, 0, 2, 0, 0, 285, 'Ok with gears, can climb...', '2017-03-19 14:48:04'),
(261, 'Major Kirby', 43, 2655, 1, 1, 0, 0, 0, 0, 0, 0, 0, 0, 0, 0, 2, 0, 0, 285, 'Pretty fast robot with an ok but inconsistent gear mechanism, it was able to get the gear on very quickly on some attempts but completely dropped it on others. However, its climber was really good and fast, was able to grab the rope and climb to the very top with almost 15 seconds left in the match.', '2017-03-19 14:48:16'),
(262, 'Sohan', 43, 587, 1, 0, 0, 0, 0, 0, 0, 0, 0, 0, 0, 0, 3, 0, 1, 255, 'Climbed the rope very smoothly\n\nThe driver was really good \n\nHe didn\'t even need the human players signals to align the gear with the peg\n\nDriver aligned it so fast without a problem \n\nVery quick robot', '2017-03-19 14:52:01'),
(263, 'Simran', 43, 5727, 0, 0, 0, 0, 0, 0, 0, 0, 0, 0, 0, 0, 0, 0, 0, 255, 'very close to crossing the mobility like during autonomous \nRobot died on the field as soon as autonomous ended and was pushed out of the way by 2974', '2017-03-19 14:52:01'),
(264, 'The Mascot', 43, 4291, 1, 1, 0, 0, 0, 0, 0, 0, 0, 0, 0, 0, 2, 0, 1, 255, 'Fairly reliable gear not.  It climbs slowly.', '2017-03-19 14:52:13'),
(265, 'Jard the Pard', 44, 2640, 1, 0, 0, 0, 0, 0, 0, 0, 0, 0, 0, 0, 2, 0, 1, 255, 'Pretty good at getting gears.  Climbs pretty well.', '2017-03-19 15:02:23'),
(266, 'Alex', 44, 1533, 1, 1, 0, 0, 0, 0, 0, 0, 0, 0, 0, 0, 4, 0, 0, 245, 'Very good ground pickup very compatible with us would recommend', '2017-03-19 15:03:48'),
(267, 'Sohan', 44, 3459, 1, 1, 0, 0, 0, 0, 0, 0, 0, 0, 0, 0, 1, 0, 0, 215, 'They attempted to climb rope but did not have enough time to trigger the panel.\n\nVery slow robot \n\nGear was at the end of the peg and human player just yanked it and dropped the gear.', '2017-03-19 15:04:17'),
(268, 'Simran', 44, 3506, 0, 0, 0, 0, 0, 0, 0, 0, 0, 0, 0, 0, 1, 0, 0, 255, 'Need work on climbing: maybe a bigger knot\nFast on the field and pretty helpful', '2017-03-19 15:04:28'),
(269, 'Major Kirby', 44, 5854, 1, 0, 0, 0, 0, 0, 0, 1, 1, 2, 0, 0, 2, 0, 0, 208, 'Pretty fast robot, good at getting across the field and getting the gear on the peg, but very bad gear intake (though this may be the fault of the human player), dropping', '2017-03-19 15:06:37'),
(270, 'Colin Evans', 44, 4935, 1, 1, 0, 0, 0, 0, 0, 0, 0, 0, 0, 0, 2, 1, 0, 250, 'Good defense robot, climbs pretty quickly for such a large robot, ok at placing gears...', '2017-03-19 15:07:12'),
(271, 'Alex', 46, 3661, 1, 0, 0, 0, 0, 0, 0, 0, 0, 0, 0, 0, 2, 0, 0, 255, 'Does gears kinda inefficiently can\'t climb well', '2017-03-19 17:11:09'),
(272, 'Hard the Pard', 45, 6334, 1, 1, 0, 0, 0, 0, 0, 0, 0, 0, 0, 0, 3, 0, 0, 255, 'Really good at gears and moves really fast.  They got stuck and would have gotten more.  Really good last minute climb.', '2017-03-19 15:13:05'),
(273, 'Sohan', 45, 3680, 1, 0, 0, 0, 0, 0, 0, 0, 0, 0, 0, 0, 1, 0, 0, 155, 'Robot had a terrible climber and could barely get half way on the rope \n\nThey had terrible defense which led them to take a while getting across the field\n\nVery slow robot \n\nWent across the field once the whole match', '2017-03-19 15:13:39'),
(274, 'Colin Evans', 45, 1225, 1, 0, 0, 0, 0, 0, 0, 0, 0, 0, 0, 0, 2, 0, 1, 185, 'Pretty good with gears, wicked fast climb, somewhat small...', '2017-03-19 15:14:42'),
(275, 'Delaney', 45, 3402, 1, 0, 0, 0, 0, 0, 0, 0, 0, 0, 0, 0, 1, 0, 1, 258, 'Got a gear from the HP station and put it on the peg, but couldn\'t get another because there were gears in the way. Tried to defend but wasn\'t very successful', '2017-03-19 15:15:40'),
(276, 'Major Kirby', 45, 3215, 1, 0, 0, 0, 0, 0, 0, 0, 0, 0, 0, 0, 1, 0, 0, 185, 'Really slow, took it forever to get across the field, and an ok gear mechanism. It had an intake mechanism that could pick up gears off of the field, but it was pretty inconsistent and hard to use, as they dropped it multiple times and spent a lot of time trying to line it up properly, and it wasted a lot of time that would probably be better used going to the loading station. The really slow movement limited it from getting any decent number of gears on the peg.', '2017-03-19 15:17:48'),
(277, 'Alex', 45, 5727, 1, 0, 0, 0, 0, 0, 0, 0, 0, 0, 0, 0, 0, 0, 0, 255, 'Kinda flimsy has no pushing power or defense wiring looks kinda bad caused disconnect caused penalties while disconnected', '2017-03-19 15:20:31'),
(278, 'Jard the Pard', 46, 1533, 1, 1, 0, 0, 0, 0, 0, 0, 0, 0, 0, 0, 3, 0, 1, 255, 'Amazing at gears.  I like the way heir climber is slow until it hits the rope.', '2017-03-19 15:21:09'),
(279, 'Colin Evans', 46, 4291, 1, 0, 0, 0, 0, 0, 0, 0, 0, 0, 0, 0, 0, 1, 0, 240, 'Got a ball stuck in their gear mech and were unable to place any gears during the match, can climb but we\'re unable to this match...', '2017-03-19 15:23:40'),
(280, 'Delaney', 46, 3459, 1, 0, 0, 0, 0, 0, 0, 0, 0, 0, 0, 0, 2, 0, 1, 255, 'Almost got a gear on the peg in auto. Gears got stuck behind the gear mechanism a few times. Was easily defended against', '2017-03-19 15:24:18'),
(281, 'Major Kirby', 46, 587, 1, 0, 0, 0, 0, 0, 0, 0, 0, 0, 0, 0, 3, 0, 0, 240, 'Moderate speed and really good gear mechanism, was able to line up with peg quickly and the gear could be removed almost instantly without any extra effort. Climbed at a pretty good speed but had some trouble grabbing the rope which prevented them from reaching the top in time.', '2017-03-19 15:24:48'),
(282, 'Jared', 47, 4290, 0, 0, 0, 0, 0, 0, 0, 0, 0, 0, 0, 0, 2, 0, 1, 286, 'Most hilarious autonomous ever.  Good at gears and climbing', '2017-03-19 15:28:27'),
(283, 'Alex', 47, 2640, 1, 0, 0, 0, 0, 0, 0, 0, 0, 0, 0, 0, 2, 0, 1, 285, 'Pretty good at gears', '2017-03-19 15:28:39'),
(284, 'Delaney', 47, 3215, 0, 0, 0, 0, 0, 0, 0, 0, 0, 0, 0, 0, 2, 0, 0, 285, 'So. Slow. Picked up gears that other robots dropped and put them on the peg. Took forever to climb and hit the light at the last second', '2017-03-19 15:30:32'),
(285, 'Sohan', 47, 5679, 1, 0, 0, 0, 0, 0, 0, 0, 0, 0, 0, 0, 0, 0, 0, 195, 'Just stayed in the center most of the match \n\nDriver could not align with the rope at the end to climb\n\nPlayed really good defense and blocked very well\n\nDid not really get the number of gears they delivered because it was at the back of the airship.', '2017-03-19 15:30:41'),
(286, 'Colin Evans', 47, 3506, 1, 0, 0, 0, 0, 0, 0, 0, 0, 0, 0, 0, 0, 0, 1, 195, 'Tried to put gear on center peg but it fell into the robot and we couldn\'t place any gears for the rest of the match, climber worked well...', '2017-03-19 15:31:53'),
(287, 'Noah', 48, 3680, 1, 0, 0, 0, 0, 0, 0, 0, 0, 0, 0, 0, 1, 0, 0, 145, 'Bumpers bounce way more than the robot itself, especially the back bumper. Can easily push other robots around, and is not easily pushed itself. Climber way too slow to be useful. Acted as a barrier throughout the match.', '2017-03-19 15:36:21'),
(288, 'Major Kirby', 47, 3971, 1, 0, 0, 0, 0, 0, 0, 0, 0, 0, 0, 0, 2, 0, 1, 195, 'Pretty slow robot with a pretty bad gear mechanism. It took a long time to get across the field, and had some trouble getting the gear on the peg. Driving was pretty bad, and the robot started going in weird directions near the end of the match. Very slow climber, but it was able to latch onto the rope early so it made it to the top in time.', '2017-03-19 15:36:49'),
(289, 'Kal', 48, 619, 1, 0, 0, 0, 0, 0, 0, 0, 0, 0, 0, 0, 3, 0, 1, 145, 'Attempted to place a gear during autonomous, but missed the peg. Climbed quickly but recklessly, flipping upside-down and hitting the ground while climbing.', '2017-03-19 15:37:19'),
(290, 'marco', 48, 619, 1, 0, 0, 0, 0, 0, 0, 0, 0, 0, 0, 0, 3, 0, 1, 145, 'Pretty much carried their alliance but still lost. Did not take much time to place gears, made it across the field quickly. Collected balls but did not shoot. Attempted to block a rival bot from getting to the rope but was still able to quickly climb their own.', '2017-03-19 15:37:45'),
(291, 'sohan', 48, 1225, 1, 0, 0, 0, 0, 0, 0, 0, 0, 0, 0, 0, 2, 0, 1, 310, 'Had an extremely fast climber \n\nCould not get through any sort of defense \n\nRan into 3680 and their gear just Fell out of their holder \n\nGot gears on the peg very quickly and smoothly \n\n Did not seem to have a controllable Autonomous', '2017-03-19 15:38:08'),
(292, 'Sohan', 46, 2655, 1, 0, 0, 0, 0, 0, 0, 0, 0, 0, 0, 0, 4, 0, 1, 200, 'The human player forgot to get the rope until she was reminded by the audience\n\nVery fast climber. 8 seconds fast \n\nThe driver was really good \n\nDid not have much of a problem getting gears on the peg\n\nGot the gears really far back on the peg.', '2017-03-19 15:38:28'),
(293, 'charlotte', 48, 4767, 1, 1, 0, 0, 0, 0, 0, 0, 0, 0, 0, 0, 2, 0, 1, 310, 'Terrible human player \nBut loads gears fast and moves at a medium pace \nTakes time to get onto rope to climb, but once on climbs relatively fast', '2017-03-19 15:39:21'),
(294, 'Anna V', 48, 6334, 1, 1, 0, 0, 0, 0, 0, 0, 0, 0, 0, 0, 3, 0, 1, 310, 'The robot is extremely good at putting gears on the peg. They do it quickly and efficiently. The robot does not defend at all, but relies on quick turns and fast motion to get around robots. The climber works more quickly than I have seen on any other bot.Overall this team is a very, very good addition to an alliance because they are versatile and good at everything. If paired with this team it would be smart to also have a defensive bot.', '2017-03-19 15:39:28'),
(295, 'Noah', 49, 2974, 1, 1, 0, 0, 0, 0, 0, 0, 0, 0, 0, 0, 2, 0, 0, 156, 'Alliance got all three gears on the peg in autonomous in the first match, but the ladder fell down as well, so the match was ended early. 2974 got an autonomous gear in the remade match as well. These stats are for the remade match. A panel broke off the robot\'s left side. Can climb, but slowly.', '2017-03-19 15:52:39'),
(296, 'Sohan', 49, 6639, 1, 0, 0, 0, 0, 0, 0, 0, 0, 0, 0, 0, 1, 0, 1, 165, 'Mainly stayed in front of the white line playing defense.\nHowever their defense didn\'t look that reliable\n\nNothing bad about their climber', '2017-03-19 15:52:57'),
(297, 'marco', 49, 2974, 1, 1, 0, 0, 0, 0, 0, 0, 0, 0, 0, 0, 2, 0, 0, 156, 'Is fairly fast and mobile, but was being blocked effectively by another team. Takes a while to attach gears. Climbed great up the rope but ran out of time as it struggled at first to make a connection.', '2017-03-19 15:53:29'),
(298, 'Kal', 49, 5854, 1, 0, 1, 0, 1, 0, 0, 1, 1, 1, 0, 0, 2, 0, 0, 156, 'Match was restarted because the airship ladder fell open. I only recorded the data from the second attempt. Attempted to place a gear during autonomous, but missed the peg. Art to shoot fuel into the high goal during auto, but missed all shots. Shot fuel with slightly better success during teleop, but still only gained one point worth of pressure. Attempted to climb, but did not reach the top in time.', '2017-03-19 15:53:42'),
(299, 'Anna V', 49, 3402, 1, 1, 0, 0, 0, 0, 0, 0, 0, 0, 0, 0, 2, 0, 0, 165, 'This robot is decent about putting gears on the peg. This robot is easily pushed around by other robots and cannot hold it\'s ground, so this robot would not be good at defense. The robot climbed the rope but its seemed really jerky and the bot kept getting stuck and never got to the top. The team doesn\'t have an issue with lining up to climb the rope, but there is obviously a design issue or mechanical flaw with their climber.', '2017-03-19 15:54:46'),
(300, 'Charlotte', 49, 6004, 1, 0, 0, 0, 0, 0, 0, 0, 0, 0, 0, 0, 0, 0, 0, 165, 'Literally all it did was drive around in the center of the field and needlessly ram into other robots, didn\'t even attempt to get a gear on the peg and didn\'t score any points aside from crossing the mobility line. Half of the time it was just sitting in the middle of the field doing nothing, and it just completely stopped moving near the end of the match and didn\'t climb the rope.', '2017-03-19 15:56:10'),
(301, 'Marco', 50, 1533, 1, 1, 0, 0, 0, 0, 0, 0, 0, 0, 0, 0, 2, 0, 1, 260, 'Made a quick connection to the rope and climbed steadily. Took some time to place gears but got then on. Not very fast.', '2017-03-19 16:00:28'),
(302, 'Kal', 50, 4935, 1, 1, 0, 0, 0, 0, 0, 0, 0, 0, 0, 0, 2, 0, 1, 260, 'Collected a third gear, but did not have time to place it before it went to climb.', '2017-03-19 16:00:33'),
(303, 'Noah', 50, 3680, 1, 0, 0, 0, 0, 0, 0, 0, 0, 0, 0, 0, 1, 0, 0, 260, 'Alliance did not place gear gained in autonomous on the top rotor, which means less points. Robot Acted as a shield. Did not climb. Alliance lowered ropes early.', '2017-03-19 16:00:40'),
(304, 'Sohan', 50, 5607, 1, 0, 0, 0, 0, 0, 0, 0, 0, 0, 0, 0, 1, 0, 0, 95, 'Couldn\'t really see the robot the whole match because it was staying behind the airship \n\nI think it got 1 gear on the peg though\n\nAgain the driver was terrible and agin took the whole match to align the gear with the peg.', '2017-03-19 16:00:59'),
(305, 'Charlotte', 50, 4767, 1, 0, 0, 0, 0, 0, 0, 0, 0, 0, 0, 0, 1, 0, 0, 95, 'Very bad gear mechanism, dropped the gear on half of the attempts to get it on the peg and missed most of the gears it attempted to intake at the loading station. Took forever to get across the field and was very slow. Couldn\'t even get ahold of the rope to climb.', '2017-03-19 16:03:20'),
(306, 'Anna V', 50, 3661, 1, 0, 0, 0, 0, 0, 0, 0, 0, 0, 0, 0, 1, 0, 0, 95, 'This robot is good at loading gears on to the robot but that\'s about it. They just kindof try to jam the gears on and hope for the best. Doesn\'t really work. This robot can be pushed and is nothing special at defense. Near the end the robot began to kind of jerk around in a square (guessing an electrical issue? Or they were trying to distract from how useless they are at climbing) Definetly not a good addition to an alliance.', '2017-03-19 16:04:19'),
(307, 'Noah', 51, 6639, 1, 0, 0, 0, 0, 0, 0, 0, 0, 0, 0, 0, 1, 0, 1, 245, 'Robot appears to be light, it was pushed around by 587\'s robot. Gear mechanism looks to be made of paper or something else flimsy. Slow climber. (Around 8 second climb)', '2017-03-19 16:08:18'),
(308, 'Sohan', 51, 5727, 1, 0, 0, 0, 0, 0, 0, 0, 0, 0, 0, 0, 1, 0, 0, 255, 'Robot almost climbed the robe but had trouble triggering the panel.', '2017-03-19 16:53:39'),
(309, 'Kal', 51, 5679, 1, 0, 0, 0, 0, 0, 0, 0, 0, 0, 0, 0, 0, 0, 1, 245, 'Attempted to place a gear, but dropped it. Attempted to collect more gears, but was not able to catch them. Acted as a blocker bot for the remainder of the match.', '2017-03-19 16:09:07'),
(310, 'Marco', 51, 6639, 1, 0, 0, 0, 0, 0, 0, 0, 0, 0, 0, 0, 1, 0, 1, 245, 'Very fast but was inhibited by defending bots on this match. Was able to quickly secure a connection to and climb the rope.', '2017-03-19 16:09:57'),
(311, 'Charlotte', 51, 587, 1, 1, 0, 0, 0, 0, 0, 0, 0, 0, 0, 0, 4, 0, 1, 255, 'Fast with really good gear mechanism, gear could be removed from the robot very quickly and it caught every gear that was put in the loading station. Very good climber too, it was really quick to grab the rope and climbing was also pretty fast.', '2017-03-19 16:10:06'),
(312, 'Anna V', 51, 1225, 1, 0, 0, 0, 0, 0, 0, 0, 0, 0, 0, 0, 2, 0, 1, 255, 'This robot is really small so it can be obliterated by other robots in terms of defense. They have a pretty good design for putting gears on the peg but have an issue with loading them onto the robot. Climbing is really fast and reliable.', '2017-03-19 16:10:36'),
(313, 'Noah', 52, 2655, 1, 0, 0, 0, 0, 0, 0, 0, 0, 0, 0, 0, 1, 0, 1, 235, 'Missed gear during autonomous. Doesn\'t look like a standard tank drive. Fast climber (less than 2 seconds)', '2017-03-19 16:14:44'),
(314, 'Kal', 52, 3459, 0, 0, 0, 0, 0, 0, 0, 0, 0, 0, 0, 0, 2, 0, 0, 235, 'Attempted to place a gear during autonomous, but the human players did not notice it. Attempted to climb, but did not reach the top in time.', '2017-03-19 16:15:38'),
(315, 'marco', 52, 2655, 1, 0, 0, 0, 0, 0, 0, 0, 0, 0, 0, 0, 2, 0, 1, 235, 'Quickly placed gears onto the peg and dropped one on their side of the field. Average speed.Climbed the rope quickly.', '2017-03-19 16:16:04'),
(316, 'Sohan', 52, 977, 1, 0, 0, 0, 0, 0, 0, 0, 0, 0, 0, 0, 2, 0, 1, 185, 'Had a very fast climber \n\nCouldn\'t get through any type of defense \n\nHad no problem getting gears on the peg', '2017-03-19 16:16:08'),
(317, 'Anna V', 52, 4291, 1, 0, 0, 0, 0, 0, 0, 0, 0, 0, 0, 0, 2, 0, 0, 185, 'This robot is mediocre at loading gears mostly because they are really slow. The robot is also mediocre at defense, just because of the bots size. Climbing has no hope of ever being successful. Overall just a mediocre or slightly below average team. Nothing special.', '2017-03-19 16:17:27'),
(318, 'Charlotte', 52, 5607, 1, 0, 0, 0, 0, 0, 0, 0, 0, 0, 0, 0, 1, 0, 0, 185, 'Really slow robot with inconsistent gear mechanism, failed to catch most of the gears from the loading station and wasted a lot of time trying to do so. Took forever to get across the field and couldn\'t even grab the rope to climb.', '2017-03-19 16:18:44'),
(319, 'Noah', 53, 3402, 1, 1, 0, 0, 0, 0, 0, 0, 0, 0, 0, 0, 1, 0, 0, 205, 'Triggered a hopper to delay opponents, but got a teammate stuck instead. Took too long to attach to rope, and rope was caught on the side.', '2017-03-19 16:23:05'),
(320, 'Kal', 53, 4290, 1, 0, 0, 0, 0, 0, 0, 0, 0, 0, 0, 0, 1, 0, 1, 205, 'Attempted to place a gear during autonomous, but missed the peg and dropped the gear. Climbed the rope very quickly.', '2017-03-19 16:23:19'),
(321, 'marco', 53, 4290, 1, 0, 0, 0, 0, 0, 0, 0, 0, 0, 0, 0, 2, 0, 1, 205, 'Climbed very quickly. Was hindered by balls getting stuck under the drive train, helped out by another team.', '2017-03-19 16:24:28'),
(322, 'Sohan', 53, 619, 1, 0, 0, 0, 0, 0, 0, 0, 0, 0, 0, 0, 3, 0, 0, 280, 'Extremely fast and sharp swerve drive\n\nHad the worst time getting through other robots defense which caused them to not climb \n\nThey could barely get through the defense in the last 30 seconds and got there at 10 seconds and almost climbed.', '2017-03-19 16:25:37'),
(323, 'AnnaV', 53, 4935, 1, 1, 0, 0, 0, 0, 0, 0, 0, 0, 0, 0, 2, 0, 1, 280, 'This robot is fast and maneuvers well. Pretty good at loading gears - design seems reliable. Also pretty good at defense, they have no problem holding their ground or even pushing other robots. The climb was decently fast and looks like there is a low risk of malfunction.', '2017-03-19 16:25:50'),
(324, 'Charlotte', 53, 2640, 0, 0, 0, 0, 0, 0, 0, 0, 0, 0, 1, 2, 2, 0, 1, 280, 'Robot was slow with an ok gear mechanism, but it took a long time to get across the field and couldn\'t get many gears. It was also able to score in the low goal, though the accuracy was somewhat low and they did not accumulate enough fuel to score a point. Climbing was ok, medium speed and it was able to make it to the top of the rope on time.', '2017-03-19 16:26:36'),
(326, 'Anna V', 54, 2974, 1, 0, 0, 0, 0, 0, 0, 0, 0, 0, 0, 0, 2, 0, 0, 321, 'There is a very apparent problem with loading gears onto the robot. At one point the robot dropped three gears in a row. It was hard to tell because it was behind the airship, but it seemed like The robot somehow  managed to break the perimeter, which is proof of how this robot would be good with defense because it can apply a lot of pressure. Other than that the robot is pretty good at putting gears on the peg. The robot cannot climb at all they weren\'t even really trying.', '2017-03-19 16:53:06'),
(327, 'Kal', 54, 3661, 1, 0, 0, 0, 0, 0, 0, 0, 0, 0, 0, 0, 1, 0, 0, 205, 'The match was restarted due to a technical issue of some kind, then again due to part of the field being damaged. I only recorded the data from the third attempt. Attempted to place a gear during autonomous and many during teleop, but dropped all but one. Attempted to climb, but did not succeed in grabbing the rope.', '2017-03-19 16:54:00'),
(328, 'Marco', 54, 6004, 1, 0, 0, 0, 0, 0, 0, 0, 0, 0, 0, 0, 0, 0, 0, 321, 'Faster than lightning McQueen. KACHOW! However, when not travelling at light speed, they are immobile right under our rope.They get disabled a lot. Human player got a flag for reaching outside airship.', '2017-03-19 16:54:08'),
(330, 'Charlotte', 54, 5511, 1, 1, 1, 1, 3, 0, 0, 0, 0, 0, 0, 0, 4, 0, 1, 371, 'Really fast, was able to cross the entire field in just seconds. Gear system was also very good and very consistent, the robot was able to line up with the peg and have the gear pulled out really quickly, and the climber was also really fast.', '2017-03-19 16:56:24'),
(331, 'Sohan', 54, 3506, 0, 0, 0, 0, 0, 0, 0, 0, 0, 0, 0, 0, 4, 0, 1, 300, 'Didn\'t see the exact score \n\nWe did amazing against the other alliance\n\nWe were very fast and delivered gear smoothly \n\nClimber really well to', '2017-03-19 16:56:54');

/*!40101 SET CHARACTER_SET_CLIENT=@OLD_CHARACTER_SET_CLIENT */;
/*!40101 SET CHARACTER_SET_RESULTS=@OLD_CHARACTER_SET_RESULTS */;
/*!40101 SET COLLATION_CONNECTION=@OLD_COLLATION_CONNECTION */;
